{
  "main": {
    "af": {
      "identity": {
        "version": {
          "_number": "$Revision: 14817 $",
          "_cldrVersion": "35.1"
        },
        "language": "af"
      },
      "localeDisplayNames": {
        "localeDisplayPattern": {
          "localePattern": "{0} ({1})",
          "localeSeparator": "{0}, {1}",
          "localeKeyTypePattern": "{0}: {1}"
        },
        "keys": {
          "calendar": "Kalender",
          "cf": "Geldeenheidformaat",
          "colAlternate": "Ignoreer simboolsortering",
          "colBackwards": "Omgekeerde aksentsortering",
          "colCaseFirst": "Hoofletters/kleinletters-sortering",
          "colCaseLevel": "Kassensitiewe sortering",
          "collation": "Rangskikvolgorde",
          "colNormalization": "Genormaliseerde sortering",
          "colNumeric": "Numeriese sortering",
          "colStrength": "Sorteringssterkte",
          "currency": "Geldeenheid",
          "hc": "Uursiklus (12 vs 24)",
          "lb": "Reëlafbreek-styl",
          "ms": "Maatstelsel",
          "numbers": "Syfers",
          "timezone": "Tydsone",
          "va": "Lokaalvariant",
          "x": "Privaat gebruik"
        },
        "types": {
          "calendar": {
            "buddhist": "Boeddhistiese kalender",
            "chinese": "Sjinese kalender",
            "coptic": "Koptiese kalender",
            "dangi": "Dangi-kalender",
            "ethiopic": "Etiopiese kalender",
            "ethiopic-amete-alem": "Etiopiese Amete Alem-kalender",
            "gregorian": "Gregoriaanse kalender",
            "hebrew": "Hebreeuse kalender",
            "indian": "Indiese nasionale kalender",
            "islamic": "Islamitiese kalender",
            "islamic-civil": "Islamitiese siviele kalender",
            "islamic-rgsa": "islamic-rgsa",
            "islamic-tbla": "islamic-tbla",
            "islamic-umalqura": "islamic-umalqura",
            "iso8601": "ISO-8601-kalender",
            "japanese": "Japannese kalender",
            "persian": "Persiese kalender",
            "roc": "Minguo-kalender"
          },
          "cf": {
            "account": "Rekeningkundige geldeenheidformaat",
            "standard": "Standaard geldeenheidformaat"
          },
          "colAlternate": {
            "non-ignorable": "Sorteer simbole",
            "shifted": "Sorteer ignoreersimbole"
          },
          "colBackwards": {
            "no": "Sorteer aksente gewoonweg",
            "yes": "Sorteer aksente omgekeerd"
          },
          "colCaseFirst": {
            "lower": "Sorteer kleinletters veerste",
            "no": "Sorteer gewone letterorde",
            "upper": "Sorteer hoofletters eerste"
          },
          "colCaseLevel": {
            "no": "Sorteer nie kassensitief nie",
            "yes": "Sorteer kassensitief"
          },
          "collation": {
            "big5han": "Tradisionele Chinese sorteervolgorde - Groot5",
            "compat": "compat",
            "dictionary": "Woordeboek-sorteervolgorde",
            "ducet": "Verstek Unicode-rangskikvolgorde",
            "emoji": "emoji",
            "eor": "eor",
            "gb2312han": "Vereenvoudigde Chinese sorteervolgorde - GB2312",
            "phonebook": "Foonboek-sorteervolgorde",
            "phonetic": "Fonetiese sorteerorde",
            "pinyin": "Pinyin-sorteervolgorde",
            "reformed": "Gereformeerde sorteervolgorde",
            "search": "Algemenedoel-soektog",
            "searchjl": "Soek volgens Hangul-beginkonsonant",
            "standard": "Standaard rangskikvolgorde",
            "stroke": "Slag-sorteervolgorde",
            "traditional": "Tradisionele sorteervolgorde",
            "unihan": "Radikale-slag-sorteervolgorde",
            "zhuyin": "zhuyin"
          },
          "colNormalization": {
            "no": "Sorteer sonder normalisering",
            "yes": "Sorteer Unicode genormaliseer"
          },
          "colNumeric": {
            "no": "Sorteer syfers individueel",
            "yes": "Sorteer syfers numeries"
          },
          "colStrength": {
            "identical": "Sorteer almal",
            "primary": "Sorteer slegs basisletters",
            "quaternary": "Sorteer aksente/kas/breedte/Kana",
            "secondary": "Sorteer aksente",
            "tertiary": "Sorteer aksente/kas/breedte"
          },
          "d0": {
            "fwidth": "Vollewydte",
            "hwidth": "Halfwydte",
            "npinyin": "Numeries"
          },
          "hc": {
            "h11": "12-uur-stelsel (0-11)",
            "h12": "12-uur-stelsel (1-12)",
            "h23": "24-uur-stelsel (0-23)",
            "h24": "24-uur-stelsel (1-24)"
          },
          "lb": {
            "loose": "Losse reëlafbreek-styl",
            "normal": "Normale reëlafbreek-styl",
            "strict": "Streng reëlafbreek-styl"
          },
          "m0": {
            "bgn": "BGN-transliterasie",
            "ungegn": "UNGEGN-transliterasie"
          },
          "ms": {
            "metric": "Metrieke stelsel",
            "uksystem": "Imperiale maatstelsel",
            "ussystem": "VSA-maatstelsel"
          },
          "numbers": {
            "ahom": "ahom",
            "arab": "Arabies-Indiese syfers",
            "arabext": "Uitgebreide Arabies-Indiese syfers",
            "armn": "Armeense syfers",
            "armnlow": "Armeense kleinletter-syfers",
            "bali": "bali",
            "beng": "Bengaalse syfers",
            "brah": "brah",
            "cakm": "cakm",
            "cham": "cham",
            "cyrl": "cyrl",
            "deva": "Devanagari-syfers",
            "ethi": "Etiopiese syfers",
            "finance": "Finansiële syfers",
            "fullwide": "Vollewydte-syfers",
            "geor": "Georgiese syfers",
            "gong": "gong",
            "gonm": "gonm",
            "grek": "Griekse syfers",
            "greklow": "Griekse kleinletter-syfers",
            "gujr": "Goedjarati-syfers",
            "guru": "Gurmukhi-syfers",
            "hanidec": "Sjinese desimale syfers",
            "hans": "Vereenvoudigde Sjinese syfers",
            "hansfin": "Vereenvoudigde Sjinese finansiële syfers",
            "hant": "Tradisionele Sjinese syfers",
            "hantfin": "Tradisionele Sjinese finansiële syfers",
            "hebr": "Hebreeuse syfers",
            "hmng": "hmng",
            "hmnp": "hmnp",
            "java": "java",
            "jpan": "Japannese syfers",
            "jpanfin": "Japannese finansiële syfers",
            "kali": "kali",
            "khmr": "Khmer-syfers",
            "knda": "Kannada-syfers",
            "lana": "lana",
            "lanatham": "lanatham",
            "laoo": "Lao-syfers",
            "latn": "Westerse syfers",
            "lepc": "lepc",
            "limb": "limb",
            "mathbold": "mathbold",
            "mathdbl": "mathdbl",
            "mathmono": "mathmono",
            "mathsanb": "mathsanb",
            "mathsans": "mathsans",
            "mlym": "Malabaarse syfers",
            "modi": "modi",
            "mong": "Mongoliese syfers",
            "mroo": "mroo",
            "mtei": "mtei",
            "mymr": "Mianmar-syfers",
            "mymrshan": "mymrshan",
            "mymrtlng": "mymrtlng",
            "native": "Inheemse syfers",
            "nkoo": "nkoo",
            "olck": "olck",
            "orya": "Odia-syfers",
            "osma": "osma",
            "rohg": "rohg",
            "roman": "Romeinse syfers",
            "romanlow": "Romeinse kleinletter-syfers",
            "saur": "saur",
            "shrd": "shrd",
            "sind": "sind",
            "sinh": "sinh",
            "sora": "sora",
            "sund": "sund",
            "takr": "takr",
            "talu": "talu",
            "taml": "Tradisionele Tamil-syfers",
            "tamldec": "Tamil-syfers",
            "telu": "Teloegoe-syfers",
            "thai": "Thaise syfers",
            "tibt": "Tibettaanse syfers",
            "tirh": "tirh",
            "traditional": "Tradisionele syfers",
            "vaii": "Vai-syfers",
            "wara": "wara",
            "wcho": "wcho"
          }
        },
        "codePatterns": {
          "language": "Taal: {0}",
          "script": "Skrif: {0}",
          "territory": "Streek: {0}"
        }
      }
    }
  }
}
