{
  "main": {
    "af": {
      "identity": {
        "version": {
          "_number": "$Revision: 14817 $",
          "_cldrVersion": "35.1"
        },
        "language": "af"
      },
      "localeDisplayNames": {
        "scripts": {
          "Adlm": "Adlm",
          "Aghb": "Aghb",
          "Ahom": "Ahom",
          "Arab": "Arabies",
          "Arab-alt-variant": "Perso-Arabies",
          "Armi": "Armi",
          "Armn": "Armeens",
          "Avst": "Avst",
          "Bali": "Bali",
          "Bamu": "Bamu",
          "Bass": "Bass",
          "Batk": "Batk",
          "Beng": "Bengaals",
          "Bhks": "Bhks",
          "Bopo": "Bopomofo",
          "Brah": "Brah",
          "Brai": "Braille",
          "Bugi": "Bugi",
          "Buhd": "Buhd",
          "Cakm": "Cakm",
          "Cans": "Cans",
          "Cari": "Cari",
          "Cham": "Cham",
          "Cher": "Cher",
          "Copt": "Copt",
          "Cprt": "Cprt",
          "Cyrl": "Sirillies",
          "Deva": "Devanagari",
          "Dogr": "Dogr",
          "Dsrt": "Dsrt",
          "Dupl": "Dupl",
          "Egyp": "Egyp",
          "Elba": "Elba",
          "Elym": "Elym",
          "Ethi": "Etiopies",
          "Geor": "Georgies",
          "Glag": "Glag",
          "Gong": "Gong",
          "Gonm": "Gonm",
          "Goth": "Goth",
          "Gran": "Gran",
          "Grek": "Grieks",
          "Gujr": "Gudjarati",
          "Guru": "Gurmukhi",
          "Hanb": "Hanb",
          "Hang": "Hangul",
          "Hani": "Han",
          "Hano": "Hano",
          "Hans": "Vereenvoudig",
          "Hans-alt-stand-alone": "Vereenvoudigde Han",
          "Hant": "Tradisioneel",
          "Hant-alt-stand-alone": "Tradisionele Han",
          "Hatr": "Hatr",
          "Hebr": "Hebreeus",
          "Hira": "Hiragana",
          "Hluw": "Hluw",
          "Hmng": "Hmng",
          "Hmnp": "Hmnp",
          "Hrkt": "Japannese lettergreepskrif",
          "Hung": "Hung",
          "Ital": "Ital",
          "Jamo": "Jamo",
          "Java": "Java",
          "Jpan": "Japannees",
          "Kali": "Kali",
          "Kana": "Katakana",
          "Khar": "Khar",
          "Khmr": "Khmer",
          "Khoj": "Khoj",
          "Knda": "Kannada",
          "Kore": "Koreaans",
          "Kthi": "Kthi",
          "Lana": "Lana",
          "Laoo": "Lao",
          "Latn": "Latyn",
          "Lepc": "Lepc",
          "Limb": "Limb",
          "Lina": "Lina",
          "Linb": "Linb",
          "Lisu": "Lisu",
          "Lyci": "Lyci",
          "Lydi": "Lydi",
          "Mahj": "Mahj",
          "Maka": "Maka",
          "Mand": "Mand",
          "Mani": "Mani",
          "Marc": "Marc",
          "Medf": "Medf",
          "Mend": "Mend",
          "Merc": "Merc",
          "Mero": "Mero",
          "Mlym": "Malabaars",
          "Modi": "Modi",
          "Mong": "Mongools",
          "Mroo": "Mroo",
          "Mtei": "Mtei",
          "Mult": "Mult",
          "Mymr": "Mianmar",
          "Nand": "Nand",
          "Narb": "Narb",
          "Nbat": "Nbat",
          "Newa": "Newa",
          "Nkoo": "Nkoo",
          "Nshu": "Nshu",
          "Ogam": "Ogam",
          "Olck": "Olck",
          "Orkh": "Orkh",
          "Orya": "Oriya",
          "Osge": "Osge",
          "Osma": "Osma",
          "Palm": "Palm",
          "Pauc": "Pauc",
          "Perm": "Perm",
          "Phag": "Phag",
          "Phli": "Phli",
          "Phlp": "Phlp",
          "Phnx": "Phnx",
          "Plrd": "Plrd",
          "Prti": "Prti",
          "Qaag": "Qaag",
          "Rjng": "Rjng",
          "Rohg": "Rohg",
          "Runr": "Runr",
          "Samr": "Samr",
          "Sarb": "Sarb",
          "Saur": "Saur",
          "Sgnw": "Sgnw",
          "Shaw": "Shaw",
          "Shrd": "Shrd",
          "Sidd": "Sidd",
          "Sind": "Sind",
          "Sinh": "Sinhala",
          "Sogd": "Sogd",
          "Sogo": "Sogo",
          "Sora": "Sora",
          "Soyo": "Soyo",
          "Sund": "Sund",
          "Sylo": "Sylo",
          "Syrc": "Syrc",
          "Tagb": "Tagb",
          "Takr": "Takr",
          "Tale": "Tale",
          "Talu": "Talu",
          "Taml": "Tamil",
          "Tang": "Tang",
          "Tavt": "Tavt",
          "Telu": "Teloegoe",
          "Tfng": "Tfng",
          "Tglg": "Tglg",
          "Thaa": "Thaana",
          "Thai": "Thai",
          "Tibt": "Tibettaans",
          "Tirh": "Tirh",
          "Ugar": "Ugar",
          "Vaii": "Vaii",
          "Wara": "Wara",
          "Wcho": "Wcho",
          "Xpeo": "Xpeo",
          "Xsux": "Xsux",
          "Yiii": "Yiii",
          "Zanb": "Zanb",
          "Zinh": "Zinh",
          "Zmth": "Wiskundige notasie",
          "Zsye": "Emoji",
          "Zsym": "Simbole",
          "Zxxx": "Ongeskrewe",
          "Zyyy": "Algemeen",
          "Zzzz": "Onbekende skryfstelsel"
        }
      }
    }
  }
}
