{
  "main": {
    "ar-IL": {
      "identity": {
        "version": {
          "_number": "$Revision: 14769 $",
          "_cldrVersion": "35.1"
        },
        "language": "ar",
        "territory": "IL"
      },
      "dates": {
        "fields": {
          "era": {
            "displayName": "العصر"
          },
          "era-short": {
            "displayName": "العصر"
          },
          "era-narrow": {
            "displayName": "العصر"
          },
          "year": {
            "displayName": "السنة",
            "relative-type--1": "السنة الماضية",
            "relative-type-0": "السنة الحالية",
            "relative-type-1": "السنة القادمة",
            "relativeTime-type-future": {
              "relativeTimePattern-count-zero": "خلال {0} سنة",
              "relativeTimePattern-count-one": "خلال سنة واحدة",
              "relativeTimePattern-count-two": "خلال سنتين",
              "relativeTimePattern-count-few": "خلال {0} سنوات",
              "relativeTimePattern-count-many": "خلال {0} سنة",
              "relativeTimePattern-count-other": "خلال {0} سنة"
            },
            "relativeTime-type-past": {
              "relativeTimePattern-count-zero": "قبل {0} سنة",
              "relativeTimePattern-count-one": "قبل سنة واحدة",
              "relativeTimePattern-count-two": "قبل سنتين",
              "relativeTimePattern-count-few": "قبل {0} سنوات",
              "relativeTimePattern-count-many": "قبل {0} سنة",
              "relativeTimePattern-count-other": "قبل {0} سنة"
            }
          },
          "year-short": {
            "displayName": "السنة",
            "relative-type--1": "السنة الماضية",
            "relative-type-0": "السنة الحالية",
            "relative-type-1": "السنة القادمة",
            "relativeTime-type-future": {
              "relativeTimePattern-count-zero": "خلال {0} سنة",
              "relativeTimePattern-count-one": "خلال سنة واحدة",
              "relativeTimePattern-count-two": "خلال سنتين",
              "relativeTimePattern-count-few": "خلال {0} سنوات",
              "relativeTimePattern-count-many": "خلال {0} سنة",
              "relativeTimePattern-count-other": "خلال {0} سنة"
            },
            "relativeTime-type-past": {
              "relativeTimePattern-count-zero": "قبل {0} سنة",
              "relativeTimePattern-count-one": "قبل سنة واحدة",
              "relativeTimePattern-count-two": "قبل سنتين",
              "relativeTimePattern-count-few": "قبل {0} سنوات",
              "relativeTimePattern-count-many": "قبل {0} سنة",
              "relativeTimePattern-count-other": "قبل {0} سنة"
            }
          },
          "year-narrow": {
            "displayName": "السنة",
            "relative-type--1": "السنة الماضية",
            "relative-type-0": "السنة الحالية",
            "relative-type-1": "السنة القادمة",
            "relativeTime-type-future": {
              "relativeTimePattern-count-zero": "خلال {0} سنة",
              "relativeTimePattern-count-one": "خلال سنة واحدة",
              "relativeTimePattern-count-two": "خلال سنتين",
              "relativeTimePattern-count-few": "خلال {0} سنوات",
              "relativeTimePattern-count-many": "خلال {0} سنة",
              "relativeTimePattern-count-other": "خلال {0} سنة"
            },
            "relativeTime-type-past": {
              "relativeTimePattern-count-zero": "قبل {0} سنة",
              "relativeTimePattern-count-one": "قبل سنة واحدة",
              "relativeTimePattern-count-two": "قبل سنتين",
              "relativeTimePattern-count-few": "قبل {0} سنوات",
              "relativeTimePattern-count-many": "قبل {0} سنة",
              "relativeTimePattern-count-other": "قبل {0} سنة"
            }
          },
          "quarter": {
            "displayName": "ربع السنة",
            "relative-type--1": "الربع الأخير",
            "relative-type-0": "هذا الربع",
            "relative-type-1": "الربع القادم",
            "relativeTime-type-future": {
              "relativeTimePattern-count-zero": "خلال {0} ربع سنة",
              "relativeTimePattern-count-one": "خلال ربع سنة واحد",
              "relativeTimePattern-count-two": "خلال ربعي سنة",
              "relativeTimePattern-count-few": "خلال {0} أرباع سنة",
              "relativeTimePattern-count-many": "خلال {0} ربع سنة",
              "relativeTimePattern-count-other": "خلال {0} ربع سنة"
            },
            "relativeTime-type-past": {
              "relativeTimePattern-count-zero": "قبل {0} ربع سنة",
              "relativeTimePattern-count-one": "قبل ربع سنة واحد",
              "relativeTimePattern-count-two": "قبل ربعي سنة",
              "relativeTimePattern-count-few": "قبل {0} أرباع سنة",
              "relativeTimePattern-count-many": "قبل {0} ربع سنة",
              "relativeTimePattern-count-other": "قبل {0} ربع سنة"
            }
          },
          "quarter-short": {
            "displayName": "ربع السنة",
            "relative-type--1": "الربع الأخير",
            "relative-type-0": "هذا الربع",
            "relative-type-1": "الربع القادم",
            "relativeTime-type-future": {
              "relativeTimePattern-count-zero": "خلال {0} ربع سنة",
              "relativeTimePattern-count-one": "خلال ربع سنة واحد",
              "relativeTimePattern-count-two": "خلال ربعي سنة",
              "relativeTimePattern-count-few": "خلال {0} أرباع سنة",
              "relativeTimePattern-count-many": "خلال {0} ربع سنة",
              "relativeTimePattern-count-other": "خلال {0} ربع سنة"
            },
            "relativeTime-type-past": {
              "relativeTimePattern-count-zero": "قبل {0} ربع سنة",
              "relativeTimePattern-count-one": "قبل ربع سنة واحد",
              "relativeTimePattern-count-two": "قبل ربعي سنة",
              "relativeTimePattern-count-few": "قبل {0} أرباع سنة",
              "relativeTimePattern-count-many": "قبل {0} ربع سنة",
              "relativeTimePattern-count-other": "قبل {0} ربع سنة"
            }
          },
          "quarter-narrow": {
            "displayName": "ربع السنة",
            "relative-type--1": "الربع الأخير",
            "relative-type-0": "هذا الربع",
            "relative-type-1": "الربع القادم",
            "relativeTime-type-future": {
              "relativeTimePattern-count-zero": "خلال {0} ربع سنة",
              "relativeTimePattern-count-one": "خلال ربع سنة واحد",
              "relativeTimePattern-count-two": "خلال ربعي سنة",
              "relativeTimePattern-count-few": "خلال {0} أرباع سنة",
              "relativeTimePattern-count-many": "خلال {0} ربع سنة",
              "relativeTimePattern-count-other": "خلال {0} ربع سنة"
            },
            "relativeTime-type-past": {
              "relativeTimePattern-count-zero": "قبل {0} ربع سنة",
              "relativeTimePattern-count-one": "قبل ربع سنة واحد",
              "relativeTimePattern-count-two": "قبل ربعي سنة",
              "relativeTimePattern-count-few": "قبل {0} أرباع سنة",
              "relativeTimePattern-count-many": "قبل {0} ربع سنة",
              "relativeTimePattern-count-other": "قبل {0} ربع سنة"
            }
          },
          "month": {
            "displayName": "الشهر",
            "relative-type--1": "الشهر الماضي",
            "relative-type-0": "هذا الشهر",
            "relative-type-1": "الشهر القادم",
            "relativeTime-type-future": {
              "relativeTimePattern-count-zero": "خلال {0} شهر",
              "relativeTimePattern-count-one": "خلال شهر واحد",
              "relativeTimePattern-count-two": "خلال شهرين",
              "relativeTimePattern-count-few": "خلال {0} أشهر",
              "relativeTimePattern-count-many": "خلال {0} شهرًا",
              "relativeTimePattern-count-other": "خلال {0} شهر"
            },
            "relativeTime-type-past": {
              "relativeTimePattern-count-zero": "قبل {0} شهر",
              "relativeTimePattern-count-one": "قبل شهر واحد",
              "relativeTimePattern-count-two": "قبل شهرين",
              "relativeTimePattern-count-few": "قبل {0} أشهر",
              "relativeTimePattern-count-many": "قبل {0} شهرًا",
              "relativeTimePattern-count-other": "قبل {0} شهر"
            }
          },
          "month-short": {
            "displayName": "الشهر",
            "relative-type--1": "الشهر الماضي",
            "relative-type-0": "هذا الشهر",
            "relative-type-1": "الشهر القادم",
            "relativeTime-type-future": {
              "relativeTimePattern-count-zero": "خلال {0} شهر",
              "relativeTimePattern-count-one": "خلال شهر واحد",
              "relativeTimePattern-count-two": "خلال شهرين",
              "relativeTimePattern-count-few": "خلال {0} أشهر",
              "relativeTimePattern-count-many": "خلال {0} شهرًا",
              "relativeTimePattern-count-other": "خلال {0} شهر"
            },
            "relativeTime-type-past": {
              "relativeTimePattern-count-zero": "قبل {0} شهر",
              "relativeTimePattern-count-one": "قبل شهر واحد",
              "relativeTimePattern-count-two": "قبل شهرين",
              "relativeTimePattern-count-few": "خلال {0} أشهر",
              "relativeTimePattern-count-many": "قبل {0} شهرًا",
              "relativeTimePattern-count-other": "قبل {0} شهر"
            }
          },
          "month-narrow": {
            "displayName": "الشهر",
            "relative-type--1": "الشهر الماضي",
            "relative-type-0": "هذا الشهر",
            "relative-type-1": "الشهر القادم",
            "relativeTime-type-future": {
              "relativeTimePattern-count-zero": "خلال {0} شهر",
              "relativeTimePattern-count-one": "خلال شهر واحد",
              "relativeTimePattern-count-two": "خلال شهرين",
              "relativeTimePattern-count-few": "خلال {0} أشهر",
              "relativeTimePattern-count-many": "خلال {0} شهرًا",
              "relativeTimePattern-count-other": "خلال {0} شهر"
            },
            "relativeTime-type-past": {
              "relativeTimePattern-count-zero": "قبل {0} شهر",
              "relativeTimePattern-count-one": "قبل شهر واحد",
              "relativeTimePattern-count-two": "قبل شهرين",
              "relativeTimePattern-count-few": "قبل {0} أشهر",
              "relativeTimePattern-count-many": "قبل {0} شهرًا",
              "relativeTimePattern-count-other": "قبل {0} شهر"
            }
          },
          "week": {
            "displayName": "الأسبوع",
            "relative-type--1": "الأسبوع الماضي",
            "relative-type-0": "هذا الأسبوع",
            "relative-type-1": "الأسبوع القادم",
            "relativeTime-type-future": {
              "relativeTimePattern-count-zero": "خلال {0} أسبوع",
              "relativeTimePattern-count-one": "خلال أسبوع واحد",
              "relativeTimePattern-count-two": "خلال أسبوعين",
              "relativeTimePattern-count-few": "خلال {0} أسابيع",
              "relativeTimePattern-count-many": "خلال {0} أسبوعًا",
              "relativeTimePattern-count-other": "خلال {0} أسبوع"
            },
            "relativeTime-type-past": {
              "relativeTimePattern-count-zero": "قبل {0} أسبوع",
              "relativeTimePattern-count-one": "قبل أسبوع واحد",
              "relativeTimePattern-count-two": "قبل أسبوعين",
              "relativeTimePattern-count-few": "قبل {0} أسابيع",
              "relativeTimePattern-count-many": "قبل {0} أسبوعًا",
              "relativeTimePattern-count-other": "قبل {0} أسبوع"
            },
            "relativePeriod": "أسبوع {0}"
          },
          "week-short": {
            "displayName": "الأسبوع",
            "relative-type--1": "الأسبوع الماضي",
            "relative-type-0": "هذا الأسبوع",
            "relative-type-1": "الأسبوع القادم",
            "relativeTime-type-future": {
              "relativeTimePattern-count-zero": "خلال {0} أسبوع",
              "relativeTimePattern-count-one": "خلال أسبوع واحد",
              "relativeTimePattern-count-two": "خلال {0} أسبوعين",
              "relativeTimePattern-count-few": "خلال {0} أسابيع",
              "relativeTimePattern-count-many": "خلال {0} أسبوعًا",
              "relativeTimePattern-count-other": "خلال {0} أسبوع"
            },
            "relativeTime-type-past": {
              "relativeTimePattern-count-zero": "قبل {0} أسبوع",
              "relativeTimePattern-count-one": "قبل أسبوع واحد",
              "relativeTimePattern-count-two": "قبل أسبوعين",
              "relativeTimePattern-count-few": "قبل {0} أسابيع",
              "relativeTimePattern-count-many": "قبل {0} أسبوعًا",
              "relativeTimePattern-count-other": "قبل {0} أسبوع"
            },
            "relativePeriod": "أسبوع {0}"
          },
          "week-narrow": {
            "displayName": "الأسبوع",
            "relative-type--1": "الأسبوع الماضي",
            "relative-type-0": "هذا الأسبوع",
            "relative-type-1": "الأسبوع القادم",
            "relativeTime-type-future": {
              "relativeTimePattern-count-zero": "خلال {0} أسبوع",
              "relativeTimePattern-count-one": "خلال أسبوع واحد",
              "relativeTimePattern-count-two": "خلال أسبوعين",
              "relativeTimePattern-count-few": "خلال {0} أسابيع",
              "relativeTimePattern-count-many": "خلال {0} أسبوعًا",
              "relativeTimePattern-count-other": "خلال {0} أسبوع"
            },
            "relativeTime-type-past": {
              "relativeTimePattern-count-zero": "قبل {0} أسبوع",
              "relativeTimePattern-count-one": "قبل أسبوع واحد",
              "relativeTimePattern-count-two": "قبل أسبوعين",
              "relativeTimePattern-count-few": "قبل {0} أسابيع",
              "relativeTimePattern-count-many": "قبل {0} أسبوعًا",
              "relativeTimePattern-count-other": "قبل {0} أسبوع"
            },
            "relativePeriod": "أسبوع {0}"
          },
          "weekOfMonth": {
            "displayName": "الأسبوع من الشهر"
          },
          "weekOfMonth-short": {
            "displayName": "أسبوع من شهر"
          },
          "weekOfMonth-narrow": {
            "displayName": "أسبوع/شهر"
          },
          "day": {
            "displayName": "يوم",
            "relative-type--2": "أول أمس",
            "relative-type--1": "أمس",
            "relative-type-0": "اليوم",
            "relative-type-1": "غدًا",
            "relative-type-2": "بعد الغد",
            "relativeTime-type-future": {
              "relativeTimePattern-count-zero": "خلال {0} يوم",
              "relativeTimePattern-count-one": "خلال يوم واحد",
              "relativeTimePattern-count-two": "خلال يومين",
              "relativeTimePattern-count-few": "خلال {0} أيام",
              "relativeTimePattern-count-many": "خلال {0} يومًا",
              "relativeTimePattern-count-other": "خلال {0} يوم"
            },
            "relativeTime-type-past": {
              "relativeTimePattern-count-zero": "قبل {0} يوم",
              "relativeTimePattern-count-one": "قبل يوم واحد",
              "relativeTimePattern-count-two": "قبل يومين",
              "relativeTimePattern-count-few": "قبل {0} أيام",
              "relativeTimePattern-count-many": "قبل {0} يومًا",
              "relativeTimePattern-count-other": "قبل {0} يوم"
            }
          },
          "day-short": {
            "displayName": "يوم",
            "relative-type--2": "أول أمس",
            "relative-type--1": "أمس",
            "relative-type-0": "اليوم",
            "relative-type-1": "غدًا",
            "relative-type-2": "بعد الغد",
            "relativeTime-type-future": {
              "relativeTimePattern-count-zero": "خلال {0} يوم",
              "relativeTimePattern-count-one": "خلال يوم واحد",
              "relativeTimePattern-count-two": "خلال يومين",
              "relativeTimePattern-count-few": "خلال {0} أيام",
              "relativeTimePattern-count-many": "خلال {0} يومًا",
              "relativeTimePattern-count-other": "خلال {0} يوم"
            },
            "relativeTime-type-past": {
              "relativeTimePattern-count-zero": "قبل {0} يوم",
              "relativeTimePattern-count-one": "قبل يوم واحد",
              "relativeTimePattern-count-two": "قبل يومين",
              "relativeTimePattern-count-few": "قبل {0} أيام",
              "relativeTimePattern-count-many": "قبل {0} يومًا",
              "relativeTimePattern-count-other": "قبل {0} يوم"
            }
          },
          "day-narrow": {
            "displayName": "يوم",
            "relative-type--2": "أول أمس",
            "relative-type--1": "أمس",
            "relative-type-0": "اليوم",
            "relative-type-1": "غدًا",
            "relative-type-2": "بعد الغد",
            "relativeTime-type-future": {
              "relativeTimePattern-count-zero": "خلال {0} يوم",
              "relativeTimePattern-count-one": "خلال يوم واحد",
              "relativeTimePattern-count-two": "خلال يومين",
              "relativeTimePattern-count-few": "خلال {0} أيام",
              "relativeTimePattern-count-many": "خلال {0} يومًا",
              "relativeTimePattern-count-other": "خلال {0} يوم"
            },
            "relativeTime-type-past": {
              "relativeTimePattern-count-zero": "قبل {0} يوم",
              "relativeTimePattern-count-one": "قبل يوم واحد",
              "relativeTimePattern-count-two": "قبل يومين",
              "relativeTimePattern-count-few": "قبل {0} أيام",
              "relativeTimePattern-count-many": "قبل {0} يومًا",
              "relativeTimePattern-count-other": "قبل {0} يوم"
            }
          },
          "dayOfYear": {
            "displayName": "يوم من السنة"
          },
          "dayOfYear-short": {
            "displayName": "يوم من سنة"
          },
          "dayOfYear-narrow": {
            "displayName": "يوم/سنة"
          },
          "weekday": {
            "displayName": "اليوم"
          },
          "weekday-short": {
            "displayName": "اليوم"
          },
          "weekday-narrow": {
            "displayName": "اليوم"
          },
          "weekdayOfMonth": {
            "displayName": "يوم عمل من الشهر"
          },
          "weekdayOfMonth-short": {
            "displayName": "يوم عمل من شهر"
          },
          "weekdayOfMonth-narrow": {
            "displayName": "يوم عمل/شهر"
          },
          "sun": {
            "relative-type--1": "الأحد الماضي",
            "relative-type-0": "الأحد الحالي",
            "relative-type-1": "الأحد القادم",
            "relativeTime-type-future": {
              "relativeTimePattern-count-zero": "خلال {0} أحد",
              "relativeTimePattern-count-one": "الأحد القادم",
              "relativeTimePattern-count-two": "الأحد بعد القادم",
              "relativeTimePattern-count-few": "خلال {0} أحد",
              "relativeTimePattern-count-many": "خلال {0} أحد",
              "relativeTimePattern-count-other": "خلال {0} أحد"
            },
            "relativeTime-type-past": {
              "relativeTimePattern-count-zero": "قبل {0} أحد",
              "relativeTimePattern-count-one": "الأحد الماضي",
              "relativeTimePattern-count-two": "الأحد قبل الماضي",
              "relativeTimePattern-count-few": "قبل {0} أحد",
              "relativeTimePattern-count-many": "قبل {0} أحد",
              "relativeTimePattern-count-other": "قبل {0} أحد"
            }
          },
          "sun-short": {
            "relative-type--1": "الأحد الماضي",
            "relative-type-0": "الأحد الحالي",
            "relative-type-1": "الأحد القادم",
            "relativeTime-type-future": {
              "relativeTimePattern-count-zero": "خلال {0} أحد",
              "relativeTimePattern-count-one": "أحد قادم",
              "relativeTimePattern-count-two": "أحد بعد القادم",
              "relativeTimePattern-count-few": "خلال {0} أحد",
              "relativeTimePattern-count-many": "خلال {0} أحد",
              "relativeTimePattern-count-other": "خلال {0} أحد"
            },
            "relativeTime-type-past": {
              "relativeTimePattern-count-zero": "قبل {0} أحد",
              "relativeTimePattern-count-one": "أحد ماضي",
              "relativeTimePattern-count-two": "أحد قبل الماضي",
              "relativeTimePattern-count-few": "قبل {0} أحد",
              "relativeTimePattern-count-many": "قبل {0} أحد",
              "relativeTimePattern-count-other": "قبل {0} أحد"
            }
          },
          "sun-narrow": {
            "relative-type--1": "الأحد الماضي",
            "relative-type-0": "الأحد الحالي",
            "relative-type-1": "الأحد القادم",
            "relativeTime-type-future": {
              "relativeTimePattern-count-zero": "خلال {0} أحد",
              "relativeTimePattern-count-one": "أحد قادم",
              "relativeTimePattern-count-two": "أحد بعد القادم",
              "relativeTimePattern-count-few": "خلال {0} أحد",
              "relativeTimePattern-count-many": "خلال {0} أحد",
              "relativeTimePattern-count-other": "خلال {0} أحد"
            },
            "relativeTime-type-past": {
              "relativeTimePattern-count-zero": "قبل {0} أحد",
              "relativeTimePattern-count-one": "أحد ماضي",
              "relativeTimePattern-count-two": "أحد قبل الماضي",
              "relativeTimePattern-count-few": "قبل {0} أحد",
              "relativeTimePattern-count-many": "قبل {0} أحد",
              "relativeTimePattern-count-other": "قبل {0} أحد"
            }
          },
          "mon": {
            "relative-type--1": "الإثنين الماضي",
            "relative-type-0": "الإثنين الحالي",
            "relative-type-1": "الإثنين القادم",
            "relativeTime-type-future": {
              "relativeTimePattern-count-zero": "خلال {0} إثنين",
              "relativeTimePattern-count-one": "الإثنين القادم",
              "relativeTimePattern-count-two": "الإثنين بعد القادم",
              "relativeTimePattern-count-few": "خلال {0} أيام إثنين",
              "relativeTimePattern-count-many": "خلال {0} يوم إثنين",
              "relativeTimePattern-count-other": "خلال {0} يوم إثنين"
            },
            "relativeTime-type-past": {
              "relativeTimePattern-count-zero": "قبل {0} إثنين",
              "relativeTimePattern-count-one": "الإثنين الماضي",
              "relativeTimePattern-count-two": "الإثنين قبل الماضي",
              "relativeTimePattern-count-few": "قبل {0} أيام إثنين",
              "relativeTimePattern-count-many": "قبل {0} يوم إثنين",
              "relativeTimePattern-count-other": "قبل {0} يوم إثنين"
            }
          },
          "mon-short": {
            "relative-type--1": "الإثنين الماضي",
            "relative-type-0": "الإثنين الحالي",
            "relative-type-1": "الإثنين القادم",
            "relativeTime-type-future": {
              "relativeTimePattern-count-zero": "خلال {0} إثنين",
              "relativeTimePattern-count-one": "الإثنين القادم",
              "relativeTimePattern-count-two": "الإثنين بعد القادم",
              "relativeTimePattern-count-few": "خلال {0} إثنين",
              "relativeTimePattern-count-many": "خلال {0} إثنين",
              "relativeTimePattern-count-other": "خلال {0} إثنين"
            },
            "relativeTime-type-past": {
              "relativeTimePattern-count-zero": "قبل {0} إثنين",
              "relativeTimePattern-count-one": "الإثنين الماضي",
              "relativeTimePattern-count-two": "الإثنين قبل الماضي",
              "relativeTimePattern-count-few": "قبل {0} إثنين",
              "relativeTimePattern-count-many": "قبل {0} إثنين",
              "relativeTimePattern-count-other": "قبل {0} إثنين"
            }
          },
          "mon-narrow": {
            "relative-type--1": "الإثنين الماضي",
            "relative-type-0": "الإثنين الحالي",
            "relative-type-1": "الإثنين القادم",
            "relativeTime-type-future": {
              "relativeTimePattern-count-zero": "خلال {0} إثنين",
              "relativeTimePattern-count-one": "إثنين قادم",
              "relativeTimePattern-count-two": "الإثنين بعد القادم",
              "relativeTimePattern-count-few": "خلال {0} إثنين",
              "relativeTimePattern-count-many": "خلال {0} إثنين",
              "relativeTimePattern-count-other": "خلال {0} إثنين"
            },
            "relativeTime-type-past": {
              "relativeTimePattern-count-zero": "قبل {0} إثنين",
              "relativeTimePattern-count-one": "إثنين ماضي",
              "relativeTimePattern-count-two": "إثنين قبل الماضي",
              "relativeTimePattern-count-few": "قبل {0} إثنين",
              "relativeTimePattern-count-many": "قبل {0} إثنين",
              "relativeTimePattern-count-other": "قبل {0} إثنين"
            }
          },
          "tue": {
            "relative-type--1": "الثلاثاء الماضي",
            "relative-type-0": "الثلاثاء الحالي",
            "relative-type-1": "الثلاثاء القادم",
            "relativeTime-type-future": {
              "relativeTimePattern-count-zero": "خلال {0} يوم ثلاثاء",
              "relativeTimePattern-count-one": "الثلاثاء القادم",
              "relativeTimePattern-count-two": "الثلاثاء بعد القادم",
              "relativeTimePattern-count-few": "خلال {0} أيام ثلاثاء",
              "relativeTimePattern-count-many": "خلال {0} يوم ثلاثاء",
              "relativeTimePattern-count-other": "خلال {0} يوم ثلاثاء"
            },
            "relativeTime-type-past": {
              "relativeTimePattern-count-zero": "قبل {0} يوم ثلاثاء",
              "relativeTimePattern-count-one": "الثلاثاء الماضي",
              "relativeTimePattern-count-two": "الثلاثاء قبل الماضي",
              "relativeTimePattern-count-few": "قبل {0} أيام ثلاثاء",
              "relativeTimePattern-count-many": "قبل {0} يوم ثلاثاء",
              "relativeTimePattern-count-other": "قبل {0} يوم ثلاثاء"
            }
          },
          "tue-short": {
            "relative-type--1": "الثلاثاء الماضي",
            "relative-type-0": "الثلاثاء الحالي",
            "relative-type-1": "الثلاثاء القادم",
            "relativeTime-type-future": {
              "relativeTimePattern-count-zero": "خلال {0} ثلاثاء",
              "relativeTimePattern-count-one": "ثلاثاء قادم",
              "relativeTimePattern-count-two": "ثلاثاء بعد القادم",
              "relativeTimePattern-count-few": "خلال {0} ثلاثاء",
              "relativeTimePattern-count-many": "خلال {0} ثلاثاء",
              "relativeTimePattern-count-other": "خلال {0} ثلاثاء"
            },
            "relativeTime-type-past": {
              "relativeTimePattern-count-zero": "قبل {0} ثلاثاء",
              "relativeTimePattern-count-one": "ثلاثاء ماضي",
              "relativeTimePattern-count-two": "ثلاثاء قبل الماضي",
              "relativeTimePattern-count-few": "قبل {0} ثلاثاء",
              "relativeTimePattern-count-many": "قبل {0} ثلاثاء",
              "relativeTimePattern-count-other": "قبل {0} ثلاثاء"
            }
          },
          "tue-narrow": {
            "relative-type--1": "الثلاثاء الماضي",
            "relative-type-0": "الثلاثاء الحالي",
            "relative-type-1": "الثلاثاء القادم",
            "relativeTime-type-future": {
              "relativeTimePattern-count-zero": "خلال {0} ثلاثاء",
              "relativeTimePattern-count-one": "ثلاثاء قادم",
              "relativeTimePattern-count-two": "ثلاثاء بعد القادم",
              "relativeTimePattern-count-few": "خلال {0} ثلاثاء",
              "relativeTimePattern-count-many": "خلال {0} ثلاثاء",
              "relativeTimePattern-count-other": "خلال {0} ثلاثاء"
            },
            "relativeTime-type-past": {
              "relativeTimePattern-count-zero": "قبل {0} ثلاثاء",
              "relativeTimePattern-count-one": "ثلاثاء ماضي",
              "relativeTimePattern-count-two": "ثلاثاء قبل الماضي",
              "relativeTimePattern-count-few": "قبل {0} ثلاثاء",
              "relativeTimePattern-count-many": "قبل {0} ثلاثاء",
              "relativeTimePattern-count-other": "قبل {0} ثلاثاء"
            }
          },
          "wed": {
            "relative-type--1": "الأربعاء الماضي",
            "relative-type-0": "الأربعاء الحالي",
            "relative-type-1": "الأربعاء القادم",
            "relativeTime-type-future": {
              "relativeTimePattern-count-zero": "خلال {0} يوم أربعاء",
              "relativeTimePattern-count-one": "الأربعاء القادم",
              "relativeTimePattern-count-two": "الأربعاء بعد القادم",
              "relativeTimePattern-count-few": "خلال {0} أيام أربعاء",
              "relativeTimePattern-count-many": "خلال {0} يوم أربعاء",
              "relativeTimePattern-count-other": "خلال {0} يوم أربعاء"
            },
            "relativeTime-type-past": {
              "relativeTimePattern-count-zero": "قبل {0} يوم أربعاء",
              "relativeTimePattern-count-one": "الأربعاء الماضي",
              "relativeTimePattern-count-two": "الأربعاء قبل الماضي",
              "relativeTimePattern-count-few": "قبل {0} أيام أربعاء",
              "relativeTimePattern-count-many": "قبل {0} يوم أربعاء",
              "relativeTimePattern-count-other": "قبل {0} يوم أربعاء"
            }
          },
          "wed-short": {
            "relative-type--1": "الأربعاء الماضي",
            "relative-type-0": "الأربعاء الحالي",
            "relative-type-1": "الأربعاء القادم",
            "relativeTime-type-future": {
              "relativeTimePattern-count-zero": "خلال {0} أربعاء",
              "relativeTimePattern-count-one": "خلال {0} أربعاء",
              "relativeTimePattern-count-two": "خلال {0} أربعاء",
              "relativeTimePattern-count-few": "خلال {0} أربعاء",
              "relativeTimePattern-count-many": "خلال {0} أربعاء",
              "relativeTimePattern-count-other": "خلال {0} أربعاء"
            },
            "relativeTime-type-past": {
              "relativeTimePattern-count-zero": "قبل {0} أربعاء",
              "relativeTimePattern-count-one": "أربعاء ماضي",
              "relativeTimePattern-count-two": "أربعاء قبل الماضي",
              "relativeTimePattern-count-few": "قبل {0} أربعاء",
              "relativeTimePattern-count-many": "قبل {0} أربعاء",
              "relativeTimePattern-count-other": "قبل {0} أربعاء"
            }
          },
          "wed-narrow": {
            "relative-type--1": "الأربعاء الماضي",
            "relative-type-0": "الأربعاء الحالي",
            "relative-type-1": "الأربعاء القادم",
            "relativeTime-type-future": {
              "relativeTimePattern-count-zero": "خلال {0} أربعاء",
              "relativeTimePattern-count-one": "أربعاء قادم",
              "relativeTimePattern-count-two": "أربعاء بعد القادم",
              "relativeTimePattern-count-few": "خلال {0} أربعاء",
              "relativeTimePattern-count-many": "خلال {0} أربعاء",
              "relativeTimePattern-count-other": "خلال {0} أربعاء"
            },
            "relativeTime-type-past": {
              "relativeTimePattern-count-zero": "قبل {0} أربعاء",
              "relativeTimePattern-count-one": "أربعاء ماضي",
              "relativeTimePattern-count-two": "أربعاء قبل الماضي",
              "relativeTimePattern-count-few": "قبل {0} أربعاء",
              "relativeTimePattern-count-many": "قبل {0} أربعاء",
              "relativeTimePattern-count-other": "قبل {0} أربعاء"
            }
          },
          "thu": {
            "relative-type--1": "الخميس الماضي",
            "relative-type-0": "الخميس الحالي",
            "relative-type-1": "الخميس القادم",
            "relativeTime-type-future": {
              "relativeTimePattern-count-zero": "خلال {0} يوم خميس",
              "relativeTimePattern-count-one": "الخميس القادم",
              "relativeTimePattern-count-two": "الخميس بعد القادم",
              "relativeTimePattern-count-few": "خلال {0} أيام خميس",
              "relativeTimePattern-count-many": "خلال {0} يوم خميس",
              "relativeTimePattern-count-other": "خلال {0} يوم خميس"
            },
            "relativeTime-type-past": {
              "relativeTimePattern-count-zero": "قبل {0} يوم خميس",
              "relativeTimePattern-count-one": "الخميس الماضي",
              "relativeTimePattern-count-two": "الخميس قبل الماضي",
              "relativeTimePattern-count-few": "قبل {0} أيام خميس",
              "relativeTimePattern-count-many": "قبل {0} يوم خميس",
              "relativeTimePattern-count-other": "قبل {0} يوم خميس"
            }
          },
          "thu-short": {
            "relative-type--1": "الخميس الماضي",
            "relative-type-0": "الخميس الحالي",
            "relative-type-1": "الخميس القادم",
            "relativeTime-type-future": {
              "relativeTimePattern-count-zero": "خلال {0} خميس",
              "relativeTimePattern-count-one": "الخميس القادم",
              "relativeTimePattern-count-two": "الخميس بعد القادم",
              "relativeTimePattern-count-few": "خلال {0} خميس",
              "relativeTimePattern-count-many": "خلال {0} خميس",
              "relativeTimePattern-count-other": "خلال {0} خميس"
            },
            "relativeTime-type-past": {
              "relativeTimePattern-count-zero": "قبل {0} خميس",
              "relativeTimePattern-count-one": "خميس ماضي",
              "relativeTimePattern-count-two": "خميس قبل الماضي",
              "relativeTimePattern-count-few": "قبل {0} خميس",
              "relativeTimePattern-count-many": "قبل {0} خميس",
              "relativeTimePattern-count-other": "قبل {0} خميس"
            }
          },
          "thu-narrow": {
            "relative-type--1": "الخميس الماضي",
            "relative-type-0": "الخميس الحالي",
            "relative-type-1": "الخميس القادم",
            "relativeTime-type-future": {
              "relativeTimePattern-count-zero": "خلال {0} خميس",
              "relativeTimePattern-count-one": "خلال {0} يوم خميس",
              "relativeTimePattern-count-two": "الخميس بعد القادم",
              "relativeTimePattern-count-few": "خلال {0} خميس",
              "relativeTimePattern-count-many": "خلال {0} خميس",
              "relativeTimePattern-count-other": "خلال {0} خميس"
            },
            "relativeTime-type-past": {
              "relativeTimePattern-count-zero": "قبل {0} خميس",
              "relativeTimePattern-count-one": "خميس ماضي",
              "relativeTimePattern-count-two": "خميس قبل الماضي",
              "relativeTimePattern-count-few": "قبل {0} خميس",
              "relativeTimePattern-count-many": "قبل {0} خميس",
              "relativeTimePattern-count-other": "قبل {0} خميس"
            }
          },
          "fri": {
            "relative-type--1": "الجمعة الماضي",
            "relative-type-0": "الجمعة الحالي",
            "relative-type-1": "الجمعة القادم",
            "relativeTime-type-future": {
              "relativeTimePattern-count-zero": "خلال {0} يوم جمعة",
              "relativeTimePattern-count-one": "الجمعة القادم",
              "relativeTimePattern-count-two": "الجمعة بعد القادم",
              "relativeTimePattern-count-few": "خلال {0} أيام جمعة",
              "relativeTimePattern-count-many": "خلال {0} يوم جمعة",
              "relativeTimePattern-count-other": "خلال {0} يوم جمعة"
            },
            "relativeTime-type-past": {
              "relativeTimePattern-count-zero": "قبل {0} يوم جمعة",
              "relativeTimePattern-count-one": "الجمعة الماضي",
              "relativeTimePattern-count-two": "الجمعة قبل الماضي",
              "relativeTimePattern-count-few": "قبل {0} أيام جمعة",
              "relativeTimePattern-count-many": "قبل {0} يوم جمعة",
              "relativeTimePattern-count-other": "قبل {0} يوم جمعة"
            }
          },
          "fri-short": {
            "relative-type--1": "الجمعة الماضي",
            "relative-type-0": "الجمعة الحالي",
            "relative-type-1": "الجمعة القادم",
            "relativeTime-type-future": {
              "relativeTimePattern-count-zero": "خلال {0} جمعة",
              "relativeTimePattern-count-one": "جمعة قادم",
              "relativeTimePattern-count-two": "جمعة بعد القادم",
              "relativeTimePattern-count-few": "خلال {0} جمعة",
              "relativeTimePattern-count-many": "خلال {0} جمعة",
              "relativeTimePattern-count-other": "خلال {0} جمعة"
            },
            "relativeTime-type-past": {
              "relativeTimePattern-count-zero": "قبل {0} جمعة",
              "relativeTimePattern-count-one": "جمعة ماضي",
              "relativeTimePattern-count-two": "جمعة قبل الماضي",
              "relativeTimePattern-count-few": "قبل {0} جمعة",
              "relativeTimePattern-count-many": "قبل {0} جمعة",
              "relativeTimePattern-count-other": "قبل {0} جمعة"
            }
          },
          "fri-narrow": {
            "relative-type--1": "الجمعة الماضي",
            "relative-type-0": "الجمعة الحالي",
            "relative-type-1": "الجمعة القادم",
            "relativeTime-type-future": {
              "relativeTimePattern-count-zero": "خلال {0} جمعة",
              "relativeTimePattern-count-one": "جمعة قادم",
              "relativeTimePattern-count-two": "جمعة بعد القادم",
              "relativeTimePattern-count-few": "خلال {0} جمعة",
              "relativeTimePattern-count-many": "خلال {0} جمعة",
              "relativeTimePattern-count-other": "خلال {0} جمعة"
            },
            "relativeTime-type-past": {
              "relativeTimePattern-count-zero": "قبل {0} جمعة",
              "relativeTimePattern-count-one": "جمعة ماضي",
              "relativeTimePattern-count-two": "جمعة قبل الماضي",
              "relativeTimePattern-count-few": "قبل {0} جمعة",
              "relativeTimePattern-count-many": "قبل {0} جمعة",
              "relativeTimePattern-count-other": "قبل {0} جمعة"
            }
          },
          "sat": {
            "relative-type--1": "السبت الماضي",
            "relative-type-0": "السبت الحالي",
            "relative-type-1": "السبت القادم",
            "relativeTime-type-future": {
              "relativeTimePattern-count-zero": "السبت القادم",
              "relativeTimePattern-count-one": "السبت القادم",
              "relativeTimePattern-count-two": "السبت بعد القادم",
              "relativeTimePattern-count-few": "السبت بعد {0} أسابيع",
              "relativeTimePattern-count-many": "خلال {0} يوم سبت",
              "relativeTimePattern-count-other": "بعد {0} يوم سبت"
            },
            "relativeTime-type-past": {
              "relativeTimePattern-count-zero": "قبل {0} يوم سبت",
              "relativeTimePattern-count-one": "السبت الماضي",
              "relativeTimePattern-count-two": "السبت قبل الماضي",
              "relativeTimePattern-count-few": "قبل {0} يوم سبت",
              "relativeTimePattern-count-many": "قبل {0} يوم سبت",
              "relativeTimePattern-count-other": "قبل {0} يوم سبت"
            }
          },
          "sat-short": {
            "relative-type--1": "السبت الماضي",
            "relative-type-0": "السبت الحالي",
            "relative-type-1": "السبت القادم",
            "relativeTime-type-future": {
              "relativeTimePattern-count-zero": "خلال {0} سبت",
              "relativeTimePattern-count-one": "سبت قادم",
              "relativeTimePattern-count-two": "سبت بعد القادم",
              "relativeTimePattern-count-few": "خلال {0} سبت",
              "relativeTimePattern-count-many": "خلال {0} سبت",
              "relativeTimePattern-count-other": "خلال {0} سبت"
            },
            "relativeTime-type-past": {
              "relativeTimePattern-count-zero": "قبل {0} سبت",
              "relativeTimePattern-count-one": "سبت ماضي",
              "relativeTimePattern-count-two": "سبت قبل الماضي",
              "relativeTimePattern-count-few": "قبل {0} سبت",
              "relativeTimePattern-count-many": "قبل {0} سبت",
              "relativeTimePattern-count-other": "قبل {0} سبت"
            }
          },
          "sat-narrow": {
            "relative-type--1": "السبت الماضي",
            "relative-type-0": "السبت الحالي",
            "relative-type-1": "السبت القادم",
            "relativeTime-type-future": {
              "relativeTimePattern-count-zero": "خلال {0} سبت",
              "relativeTimePattern-count-one": "سبت قادم",
              "relativeTimePattern-count-two": "سبت بعد القادم",
              "relativeTimePattern-count-few": "خلال {0} سبت",
              "relativeTimePattern-count-many": "خلال {0} سبت",
              "relativeTimePattern-count-other": "خلال {0} سبت"
            },
            "relativeTime-type-past": {
              "relativeTimePattern-count-zero": "قبل {0} سبت",
              "relativeTimePattern-count-one": "سبت ماضي",
              "relativeTimePattern-count-two": "سبت قبل الماضي",
              "relativeTimePattern-count-few": "قبل {0} سبت",
              "relativeTimePattern-count-many": "قبل {0} سبت",
              "relativeTimePattern-count-other": "قبل {0} سبت"
            }
          },
          "dayperiod-short": {
            "displayName": "ص/م"
          },
          "dayperiod": {
            "displayName": "ص/م"
          },
          "dayperiod-narrow": {
            "displayName": "ص/م"
          },
          "hour": {
            "displayName": "الساعات",
            "relative-type-0": "الساعة الحالية",
            "relativeTime-type-future": {
              "relativeTimePattern-count-zero": "خلال {0} ساعة",
              "relativeTimePattern-count-one": "خلال ساعة واحدة",
              "relativeTimePattern-count-two": "خلال ساعتين",
              "relativeTimePattern-count-few": "خلال {0} ساعات",
              "relativeTimePattern-count-many": "خلال {0} ساعة",
              "relativeTimePattern-count-other": "خلال {0} ساعة"
            },
            "relativeTime-type-past": {
              "relativeTimePattern-count-zero": "قبل {0} ساعة",
              "relativeTimePattern-count-one": "قبل ساعة واحدة",
              "relativeTimePattern-count-two": "قبل ساعتين",
              "relativeTimePattern-count-few": "قبل {0} ساعات",
              "relativeTimePattern-count-many": "قبل {0} ساعة",
              "relativeTimePattern-count-other": "قبل {0} ساعة"
            }
          },
          "hour-short": {
            "displayName": "الساعات",
            "relative-type-0": "الساعة الحالية",
            "relativeTime-type-future": {
              "relativeTimePattern-count-zero": "خلال {0} ساعة",
              "relativeTimePattern-count-one": "خلال ساعة واحدة",
              "relativeTimePattern-count-two": "خلال ساعتين",
              "relativeTimePattern-count-few": "خلال {0} ساعات",
              "relativeTimePattern-count-many": "خلال {0} ساعة",
              "relativeTimePattern-count-other": "خلال {0} ساعة"
            },
            "relativeTime-type-past": {
              "relativeTimePattern-count-zero": "قبل {0} ساعة",
              "relativeTimePattern-count-one": "قبل ساعة واحدة",
              "relativeTimePattern-count-two": "قبل ساعتين",
              "relativeTimePattern-count-few": "قبل {0} ساعات",
              "relativeTimePattern-count-many": "قبل {0} ساعة",
              "relativeTimePattern-count-other": "قبل {0} ساعة"
            }
          },
          "hour-narrow": {
            "displayName": "الساعات",
            "relative-type-0": "الساعة الحالية",
            "relativeTime-type-future": {
              "relativeTimePattern-count-zero": "خلال {0} ساعة",
              "relativeTimePattern-count-one": "خلال ساعة واحدة",
              "relativeTimePattern-count-two": "خلال ساعتين",
              "relativeTimePattern-count-few": "خلال {0} ساعات",
              "relativeTimePattern-count-many": "خلال {0} ساعة",
              "relativeTimePattern-count-other": "خلال {0} ساعة"
            },
            "relativeTime-type-past": {
              "relativeTimePattern-count-zero": "قبل {0} ساعة",
              "relativeTimePattern-count-one": "قبل ساعة واحدة",
              "relativeTimePattern-count-two": "قبل ساعتين",
              "relativeTimePattern-count-few": "قبل {0} ساعات",
              "relativeTimePattern-count-many": "قبل {0} ساعة",
              "relativeTimePattern-count-other": "قبل {0} ساعة"
            }
          },
          "minute": {
            "displayName": "الدقائق",
            "relative-type-0": "هذه الدقيقة",
            "relativeTime-type-future": {
              "relativeTimePattern-count-zero": "خلال {0} دقيقة",
              "relativeTimePattern-count-one": "خلال دقيقة واحدة",
              "relativeTimePattern-count-two": "خلال دقيقتين",
              "relativeTimePattern-count-few": "خلال {0} دقائق",
              "relativeTimePattern-count-many": "خلال {0} دقيقة",
              "relativeTimePattern-count-other": "خلال {0} دقيقة"
            },
            "relativeTime-type-past": {
              "relativeTimePattern-count-zero": "قبل {0} دقيقة",
              "relativeTimePattern-count-one": "قبل دقيقة واحدة",
              "relativeTimePattern-count-two": "قبل دقيقتين",
              "relativeTimePattern-count-few": "قبل {0} دقائق",
              "relativeTimePattern-count-many": "قبل {0} دقيقة",
              "relativeTimePattern-count-other": "قبل {0} دقيقة"
            }
          },
          "minute-short": {
            "displayName": "الدقائق",
            "relative-type-0": "هذه الدقيقة",
            "relativeTime-type-future": {
              "relativeTimePattern-count-zero": "خلال {0} دقيقة",
              "relativeTimePattern-count-one": "خلال دقيقة واحدة",
              "relativeTimePattern-count-two": "خلال دقيقتين",
              "relativeTimePattern-count-few": "خلال {0} دقائق",
              "relativeTimePattern-count-many": "خلال {0} دقيقة",
              "relativeTimePattern-count-other": "خلال {0} دقيقة"
            },
            "relativeTime-type-past": {
              "relativeTimePattern-count-zero": "قبل {0} دقيقة",
              "relativeTimePattern-count-one": "قبل دقيقة واحدة",
              "relativeTimePattern-count-two": "قبل دقيقتين",
              "relativeTimePattern-count-few": "قبل {0} دقائق",
              "relativeTimePattern-count-many": "قبل {0} دقيقة",
              "relativeTimePattern-count-other": "قبل {0} دقيقة"
            }
          },
          "minute-narrow": {
            "displayName": "الدقائق",
            "relative-type-0": "هذه الدقيقة",
            "relativeTime-type-future": {
              "relativeTimePattern-count-zero": "خلال {0} دقيقة",
              "relativeTimePattern-count-one": "خلال دقيقة واحدة",
              "relativeTimePattern-count-two": "خلال دقيقتين",
              "relativeTimePattern-count-few": "خلال {0} دقائق",
              "relativeTimePattern-count-many": "خلال {0} دقيقة",
              "relativeTimePattern-count-other": "خلال {0} دقيقة"
            },
            "relativeTime-type-past": {
              "relativeTimePattern-count-zero": "قبل {0} دقيقة",
              "relativeTimePattern-count-one": "قبل دقيقة واحدة",
              "relativeTimePattern-count-two": "قبل دقيقتين",
              "relativeTimePattern-count-few": "قبل {0} دقائق",
              "relativeTimePattern-count-many": "قبل {0} دقيقة",
              "relativeTimePattern-count-other": "قبل {0} دقيقة"
            }
          },
          "second": {
            "displayName": "الثواني",
            "relative-type-0": "الآن",
            "relativeTime-type-future": {
              "relativeTimePattern-count-zero": "خلال {0} ثانية",
              "relativeTimePattern-count-one": "خلال ثانية واحدة",
              "relativeTimePattern-count-two": "خلال ثانيتين",
              "relativeTimePattern-count-few": "خلال {0} ثوانٍ",
              "relativeTimePattern-count-many": "خلال {0} ثانية",
              "relativeTimePattern-count-other": "خلال {0} ثانية"
            },
            "relativeTime-type-past": {
              "relativeTimePattern-count-zero": "قبل {0} ثانية",
              "relativeTimePattern-count-one": "قبل ثانية واحدة",
              "relativeTimePattern-count-two": "قبل ثانيتين",
              "relativeTimePattern-count-few": "قبل {0} ثوانِ",
              "relativeTimePattern-count-many": "قبل {0} ثانية",
              "relativeTimePattern-count-other": "قبل {0} ثانية"
            }
          },
          "second-short": {
            "displayName": "الثواني",
            "relative-type-0": "الآن",
            "relativeTime-type-future": {
              "relativeTimePattern-count-zero": "خلال {0} ثانية",
              "relativeTimePattern-count-one": "خلال ثانية واحدة",
              "relativeTimePattern-count-two": "خلال ثانيتين",
              "relativeTimePattern-count-few": "خلال {0} ثوانٍ",
              "relativeTimePattern-count-many": "خلال {0} ثانية",
              "relativeTimePattern-count-other": "خلال {0} ثانية"
            },
            "relativeTime-type-past": {
              "relativeTimePattern-count-zero": "قبل {0} ثانية",
              "relativeTimePattern-count-one": "قبل ثانية واحدة",
              "relativeTimePattern-count-two": "قبل ثانيتين",
              "relativeTimePattern-count-few": "قبل {0} ثوانٍ",
              "relativeTimePattern-count-many": "قبل {0} ثانية",
              "relativeTimePattern-count-other": "قبل {0} ثانية"
            }
          },
          "second-narrow": {
            "displayName": "الثواني",
            "relative-type-0": "الآن",
            "relativeTime-type-future": {
              "relativeTimePattern-count-zero": "خلال {0} ثانية",
              "relativeTimePattern-count-one": "خلال ثانية واحدة",
              "relativeTimePattern-count-two": "خلال ثانيتين",
              "relativeTimePattern-count-few": "خلال {0} ثوانٍ",
              "relativeTimePattern-count-many": "خلال {0} ثانية",
              "relativeTimePattern-count-other": "خلال {0} ثانية"
            },
            "relativeTime-type-past": {
              "relativeTimePattern-count-zero": "قبل {0} ثانية",
              "relativeTimePattern-count-one": "قبل ثانية واحدة",
              "relativeTimePattern-count-two": "قبل ثانيتين",
              "relativeTimePattern-count-few": "قبل {0} ثوانٍ",
              "relativeTimePattern-count-many": "قبل {0} ثانية",
              "relativeTimePattern-count-other": "قبل {0} ثانية"
            }
          },
          "zone": {
            "displayName": "التوقيت"
          },
          "zone-short": {
            "displayName": "توقيت"
          },
          "zone-narrow": {
            "displayName": "توقيت"
          }
        }
      }
    }
  }
}
