{
  "main": {
    "am": {
      "identity": {
        "version": {
          "_number": "$Revision: 14982 $",
          "_cldrVersion": "35.1"
        },
        "language": "am"
      },
      "localeDisplayNames": {
        "localeDisplayPattern": {
          "localePattern": "{0} ({1})",
          "localeSeparator": "{0}፣{1}",
          "localeKeyTypePattern": "{0}: {1}"
        },
        "keys": {
          "calendar": "የቀን አቆጣጠር",
          "cf": "የምንዛሪ ቅርጸት",
          "colAlternate": "የምልክቶች ድርደራ ችላ በለው",
          "colBackwards": "የኋሊዮሽ የፊደል ጭረት ድርደራ",
          "colCaseFirst": "የአቢይ/ንዑስ ሆሄ ቅደም ተከተል",
          "colCaseLevel": "የመልከፊደል ትብ ድርደራ",
          "collation": "አቀማመጥ ደርድር",
          "colNormalization": "መደበኛ ድርደራ",
          "colNumeric": "የቁጥር ድርደራ",
          "colStrength": "የድርደራ አቅም",
          "currency": "ምንዛሪ",
          "hc": "የሰዓት ዑደት (12 ወይም 24)",
          "lb": "መስመር መስበሪያ ቅጥ",
          "ms": "የመለኪያ ስርዓት",
          "numbers": "ቁጥሮች",
          "timezone": "የሰዓት ሰቅ",
          "va": "የአካባቢ አይነት",
          "x": "ለግል ጥቅም"
        },
        "types": {
          "calendar": {
            "buddhist": "የቡዲስት ቀን አቆጣጠር",
            "chinese": "የቻይና የቀን አቆጣጠር",
            "coptic": "የኮፕቲክ የቀን አቆጣጠር",
            "dangi": "የዳንጊ የቀን አቆጣጠር",
            "ethiopic": "የኢትዮጵያ የቀን አቆጣጠር",
            "ethiopic-amete-alem": "የኢትዮፒክ አመተ አለም የቀን አቆጣጠር",
            "gregorian": "የግሪጎሪያን የቀን አቆጣጠር",
            "hebrew": "የእብራዊያን የቀን አቆጣጠር",
            "indian": "የህንድ ብሔራዊ የቀን አቆጣጠር",
            "islamic": "እስላማዊ የቀን አቆጣጠር",
            "islamic-civil": "የእስላም ህዝባዊ የቀን አቆጣጠር",
            "islamic-rgsa": "islamic-rgsa",
            "islamic-tbla": "islamic-tbla",
            "islamic-umalqura": "islamic-umalqura",
            "iso8601": "ISO-8601 የቀን አቆጣጠር",
            "japanese": "የጃፓን የቀን አቆጣጠር",
            "persian": "የፐርሽያ የቀን አቆጣጠር",
            "roc": "የሚንጉ የቀን አቆጣጠር"
          },
          "cf": {
            "account": "የሂሳብ ምንዛሪ ቅርጸት",
            "standard": "መደበኛ የምንዛሪ ቅርጸት"
          },
          "colAlternate": {
            "non-ignorable": "ምልክቶችን ደርድር",
            "shifted": "ችላ ባይ ምልክቶችን ደርድር"
          },
          "colBackwards": {
            "no": "የፊደል ጭረቶችን እንደመደበኛ ደርድር",
            "yes": "የፊደል ጭረቶች በኋሊዮሽ ደርድር"
          },
          "colCaseFirst": {
            "lower": "ንዑስ ሆሄ መጀመሪያ ደርድር",
            "no": "መደበኛ የመልከፊደል አቀማመጥ ደርድር",
            "upper": "አቢይ ሆሄ መጀመሪያ ደርድር"
          },
          "colCaseLevel": {
            "no": "ያለመልከፊደል ትብ ደርድር",
            "yes": "በመልከፊደል ትብ ደርድር"
          },
          "collation": {
            "big5han": "የባህላዊ ቻይንኛ የድርድር ቅደም ተከተል - ትልቅ5",
            "compat": "compat",
            "dictionary": "የመዝገበ ቃላት የድርድር ቅደም ተከተል",
            "ducet": "የነባሪ ዩኒኮድ የድርድር ቅደም ተከተል",
            "emoji": "emoji",
            "eor": "eor",
            "gb2312han": "የቀለለ የቻይንኛ የድርደራ ቅደም ተከተል - GB2312",
            "phonebook": "የስልክ ደብተር ድርድር ቅደም ተከተል",
            "phonetic": "የፎነቲክ ድርደራ ቅደም ተከተል",
            "pinyin": "ፒንይን የድርድር ቅደም ተከተል",
            "reformed": "ዳግም የተፈጠረ የድርድር ቅደም ተከተል",
            "search": "ለጠቅላላ ጉዳይ ፍለጋ",
            "searchjl": "በሃንጉል የመጀመሪያ ተነባቢ ፈልግ",
            "standard": "መደበኛ",
            "stroke": "የበትር ድርድር ቅደም ተከተል",
            "traditional": "ባህላዊ የድርድር ቅደም ተከተል",
            "unihan": "የመሰረታዊ በትር ድርድር ቅደም ተከተል",
            "zhuyin": "zhuyin"
          },
          "colNormalization": {
            "no": "ያለመደበኛ ሁኔታ ደርድር",
            "yes": "ዩኒኮድ በመደበኛ ሁኔታ ደርድር"
          },
          "colNumeric": {
            "no": "አሃዞችን በየግል ደርድር",
            "yes": "አሃዞች በቁጥር ደርድር"
          },
          "colStrength": {
            "identical": "ሁሉንም ደርድር",
            "primary": "የመሠረት ፊደላት ብቻ ደርድር",
            "quaternary": "የፊደል ጭረቶች/መልከፊደል/ስፋት/ካና ደርድር",
            "secondary": "የፊደል ጭረቶችን ደርድር",
            "tertiary": "የፊደል ጭረቶች/መልከፊደል/ስፋት ደርድር"
          },
          "d0": {
            "fwidth": "ሙሉ ወርድ",
            "hwidth": "ግማሽ ወርድ",
            "npinyin": "አሃዛዊ"
          },
          "hc": {
            "h11": "የ12 ሰዓት ስርዓት (0–11)",
            "h12": "የ12 ሰዓት ስርዓት (1–12)",
            "h23": "የ24 ሰዓት ስርዓት (0–23)",
            "h24": "የ24 ሰዓት ስርዓት (1–24)"
          },
          "lb": {
            "loose": "ላላ ያለ መስመር መስበሪያ ቅጥ",
            "normal": "መደበኛ መስመር መስበሪያ ቅጥ",
            "strict": "ጠበቅ ያለ መስመር መስበሪያ ቅጥ"
          },
          "m0": {
            "bgn": "ቢ ጂ ኤን",
            "ungegn": "UNGEGN"
          },
          "ms": {
            "metric": "የልኬት ስርዓት",
            "uksystem": "ኢምፔሪያል የመለኪያ ስርዓት",
            "ussystem": "የአሜሪካ መለኪያ ስርዓት"
          },
          "numbers": {
            "ahom": "ahom",
            "arab": "የአረቢክ-ኢንዲክ አሃዞች",
            "arabext": "የተራዘሙ የአረቢክ-ኢንዲክ አሃዞች",
            "armn": "የአርመንኛ ቁጥሮች",
            "armnlow": "የአሜሪካን ንዑስ ሆሄ አሃዞች",
            "bali": "bali",
            "beng": "የቤንጋሊ አሃዞች",
            "brah": "brah",
            "cakm": "cakm",
            "cham": "cham",
            "cyrl": "cyrl",
            "deva": "የዴቫንጋሪ አሃዞች",
            "ethi": "የኢትዮጵያ ቁጥሮች",
            "finance": "የፋይናንስ ቁጥሮች",
            "fullwide": "የሙሉ ወርድ አሃዞች",
            "geor": "የጆርጂያን ቁጥሮች",
            "gong": "gong",
            "gonm": "gonm",
            "grek": "የግሪክ ቁጥሮች",
            "greklow": "የግሪክ ንዑስ ሆሄ ቁጥሮች",
            "gujr": "የጉጃራቲ አሃዞች",
            "guru": "የጉርሙኪ አሃዞች",
            "hanidec": "የቻይንኛ አስርዮሽ ቁጥሮች",
            "hans": "ቀለል ያሉ የቻይንኛ ቁጥሮች",
            "hansfin": "ቀለል ያሉ የቻይንኛ ገንዘብ ነክ ቁጥሮች",
            "hant": "የባህላዊ ቻይንኛ ቁጥሮች",
            "hantfin": "የባህላዊ ቻይንኛ የገንዘብ ነክ ቁጥሮች",
            "hebr": "የእብራይስጥ ቁጥሮች",
            "hmng": "hmng",
            "hmnp": "hmnp",
            "java": "java",
            "jpan": "የጃፓንኛ ቁጥሮች",
            "jpanfin": "የጃፓንኛ የገንዘብ ነክ ቁጥሮች",
            "kali": "kali",
            "khmr": "የክህመር አሃዞች",
            "knda": "የካንአዳ አሃዞች",
            "lana": "lana",
            "lanatham": "lanatham",
            "laoo": "የላኦ አሃዞች",
            "latn": "የምስራቃዊ አሃዞች",
            "lepc": "lepc",
            "limb": "limb",
            "mathbold": "mathbold",
            "mathdbl": "mathdbl",
            "mathmono": "mathmono",
            "mathsanb": "mathsanb",
            "mathsans": "mathsans",
            "mlym": "የማላያላምኛ አሃዞች",
            "modi": "modi",
            "mong": "የሞንጎልኛ አሃዞች",
            "mroo": "mroo",
            "mtei": "mtei",
            "mymr": "የማያንማር አሃዞች",
            "mymrshan": "mymrshan",
            "mymrtlng": "mymrtlng",
            "native": "ትውልድ አሃዞች",
            "nkoo": "nkoo",
            "olck": "olck",
            "orya": "የኦሪያኛ አሃዞች",
            "osma": "osma",
            "rohg": "rohg",
            "roman": "የሮማን ቁጥሮች",
            "romanlow": "የሮማን ንዑስ ሆሄ ቁጥሮች",
            "saur": "saur",
            "shrd": "shrd",
            "sind": "sind",
            "sinh": "sinh",
            "sora": "sora",
            "sund": "sund",
            "takr": "takr",
            "talu": "talu",
            "taml": "ባህላዊ የታሚል ቁጥሮች",
            "tamldec": "የታሚል አሃዞች",
            "telu": "የተልጉ አሃዞች",
            "thai": "የታይ አሃዞች",
            "tibt": "የቲቤታን አሃዞች",
            "tirh": "tirh",
            "traditional": "ተለምዷዊ ቁጥሮች",
            "vaii": "የቫይ አሃዞች",
            "wara": "wara",
            "wcho": "wcho"
          }
        },
        "codePatterns": {
          "language": "{0}",
          "script": "{0}",
          "territory": "{0}"
        }
      }
    }
  }
}
