{
  "main": {
    "as": {
      "identity": {
        "version": {
          "_number": "$Revision: 14817 $",
          "_cldrVersion": "35.1"
        },
        "language": "as"
      },
      "dates": {
        "timeZoneNames": {
          "hourFormat": "+HH:mm;-HH:mm",
          "gmtFormat": "GMT{0}",
          "gmtZeroFormat": "GMT",
          "regionFormat": "{0} সময়",
          "regionFormat-type-daylight": "{0} (+1) ডেলাইট সময়",
          "regionFormat-type-standard": "{0} (+0) মান সময়",
          "fallbackFormat": "{1} ({0})",
          "zone": {
            "America": {
              "Adak": {
                "exemplarCity": "আডাক"
              },
              "Anchorage": {
                "exemplarCity": "এংকোৰেজ"
              },
              "Anguilla": {
                "exemplarCity": "এনগুইলা"
              },
              "Antigua": {
                "exemplarCity": "এণ্টিগুৱা"
              },
              "Araguaina": {
                "exemplarCity": "আৰাগায়েনা"
              },
              "Argentina": {
                "Rio_Gallegos": {
                  "exemplarCity": "ৰিঅ’ গালেগোছ"
                },
                "San_Juan": {
                  "exemplarCity": "ছেন জুৱান"
                },
                "Ushuaia": {
                  "exemplarCity": "উচুআইয়া"
                },
                "La_Rioja": {
                  "exemplarCity": "লা ৰিওজা"
                },
                "San_Luis": {
                  "exemplarCity": "ছেন লুইচ"
                },
                "Salta": {
                  "exemplarCity": "ছাল্টা"
                },
                "Tucuman": {
                  "exemplarCity": "টুকুমন"
                }
              },
              "Aruba": {
                "exemplarCity": "আৰুবা"
              },
              "Asuncion": {
                "exemplarCity": "আছুনচিয়ন"
              },
              "Bahia": {
                "exemplarCity": "বাহিয়া"
              },
              "Bahia_Banderas": {
                "exemplarCity": "বাহিয়া বান্দেৰাছ"
              },
              "Barbados": {
                "exemplarCity": "বাৰ্বাডোচ"
              },
              "Belem": {
                "exemplarCity": "বেলেম"
              },
              "Belize": {
                "exemplarCity": "বেলিজ"
              },
              "Blanc-Sablon": {
                "exemplarCity": "ব্লাংক-ছেবলোন"
              },
              "Boa_Vista": {
                "exemplarCity": "বোৱা ভিষ্টা"
              },
              "Bogota": {
                "exemplarCity": "বোগোটা"
              },
              "Boise": {
                "exemplarCity": "ব’ইজে"
              },
              "Buenos_Aires": {
                "exemplarCity": "বুনছ আয়াৰ্ছ"
              },
              "Cambridge_Bay": {
                "exemplarCity": "কেমব্ৰিজ উপসাগৰ"
              },
              "Campo_Grande": {
                "exemplarCity": "কেম্পো গ্ৰেণ্ডে"
              },
              "Cancun": {
                "exemplarCity": "কেনকুন"
              },
              "Caracas": {
                "exemplarCity": "কাৰাকাছ"
              },
              "Catamarca": {
                "exemplarCity": "কাটামাৰ্কা"
              },
              "Cayenne": {
                "exemplarCity": "কেয়েন"
              },
              "Cayman": {
                "exemplarCity": "কেইমেন"
              },
              "Chicago": {
                "exemplarCity": "চিকাগো"
              },
              "Chihuahua": {
                "exemplarCity": "চিহুআহুৱা"
              },
              "Coral_Harbour": {
                "exemplarCity": "আটিকোকান"
              },
              "Cordoba": {
                "exemplarCity": "কোৰ্ডোবা"
              },
              "Costa_Rica": {
                "exemplarCity": "কোষ্টা ৰিকা"
              },
              "Creston": {
                "exemplarCity": "ক্ৰেষ্টন"
              },
              "Cuiaba": {
                "exemplarCity": "কুইআবা"
              },
              "Curacao": {
                "exemplarCity": "কুৰাকাও"
              },
              "Danmarkshavn": {
                "exemplarCity": "ডেনমাৰ্কশ্বন"
              },
              "Dawson": {
                "exemplarCity": "ডাওছন"
              },
              "Dawson_Creek": {
                "exemplarCity": "ডাওছন ক্ৰীক"
              },
              "Denver": {
                "exemplarCity": "ডেনভাৰ"
              },
              "Detroit": {
                "exemplarCity": "ডেট্ৰোইট"
              },
              "Dominica": {
                "exemplarCity": "ডমিনিকা"
              },
              "Edmonton": {
                "exemplarCity": "এডমণ্টন"
              },
              "Eirunepe": {
                "exemplarCity": "ইৰুনেপে"
              },
              "El_Salvador": {
                "exemplarCity": "এল ছেলভেড’ৰ"
              },
              "Fort_Nelson": {
                "exemplarCity": "ফ’ৰ্ট নেলছন"
              },
              "Fortaleza": {
                "exemplarCity": "ফোৰ্টালেজা"
              },
              "Glace_Bay": {
                "exemplarCity": "গ্লেচ উপসাগৰ"
              },
              "Godthab": {
                "exemplarCity": "নুক"
              },
              "Goose_Bay": {
                "exemplarCity": "গুছ উপসাগৰ"
              },
              "Grand_Turk": {
                "exemplarCity": "গ্ৰেণ্ড টাৰ্ক"
              },
              "Grenada": {
                "exemplarCity": "গ্ৰেনাডা"
              },
              "Guadeloupe": {
                "exemplarCity": "গুৱাডেলুপ"
              },
              "Guatemala": {
                "exemplarCity": "গুৱাটেমালা"
              },
              "Guayaquil": {
                "exemplarCity": "গায়াকুইল"
              },
              "Guyana": {
                "exemplarCity": "গায়ানা"
              },
              "Halifax": {
                "exemplarCity": "হেলিফেক্স"
              },
              "Havana": {
                "exemplarCity": "হাভানা"
              },
              "Hermosillo": {
                "exemplarCity": "হাৰ্মোছিল্লো"
              },
              "Indiana": {
                "Vincennes": {
                  "exemplarCity": "ভিনচেনেছ, ইণ্ডিয়ানা"
                },
                "Petersburg": {
                  "exemplarCity": "পিটাৰ্ছবাৰ্গ, ইণ্ডিয়ানা"
                },
                "Tell_City": {
                  "exemplarCity": "টেল চিটী, ইণ্ডিয়ানা"
                },
                "Knox": {
                  "exemplarCity": "নক্স, ইণ্ডিয়ানা"
                },
                "Winamac": {
                  "exemplarCity": "উইনামেক, ইণ্ডিয়ানা"
                },
                "Marengo": {
                  "exemplarCity": "মাৰেংগো, ইণ্ডিয়ানা"
                },
                "Vevay": {
                  "exemplarCity": "ভেভে, ইণ্ডিয়ানা"
                }
              },
              "Indianapolis": {
                "exemplarCity": "ইণ্ডিয়ানাপ’লিছ"
              },
              "Inuvik": {
                "exemplarCity": "ইনুভিক"
              },
              "Iqaluit": {
                "exemplarCity": "ইকালুইট"
              },
              "Jamaica": {
                "exemplarCity": "জামাইকা"
              },
              "Jujuy": {
                "exemplarCity": "জুজুই"
              },
              "Juneau": {
                "exemplarCity": "জুনেউ"
              },
              "Kentucky": {
                "Monticello": {
                  "exemplarCity": "মণ্টিচেলো, কেণ্টুকী"
                }
              },
              "Kralendijk": {
                "exemplarCity": "ক্ৰালেণ্ডিজিক"
              },
              "La_Paz": {
                "exemplarCity": "লা পাজ"
              },
              "Lima": {
                "exemplarCity": "লিমা"
              },
              "Los_Angeles": {
                "exemplarCity": "লছ এঞ্জেলছ্"
              },
              "Louisville": {
                "exemplarCity": "লুইছভিলে"
              },
              "Lower_Princes": {
                "exemplarCity": "ল’ৱাৰ প্ৰিন্সেছ কোৱাৰ্টাৰ"
              },
              "Maceio": {
                "exemplarCity": "মেচিও"
              },
              "Managua": {
                "exemplarCity": "মানাগুৱা"
              },
              "Manaus": {
                "exemplarCity": "মানাছ"
              },
              "Marigot": {
                "exemplarCity": "মেৰিগোট"
              },
              "Martinique": {
                "exemplarCity": "মাৰ্টিনিক"
              },
              "Matamoros": {
                "exemplarCity": "মাটামোৰোছ"
              },
              "Mazatlan": {
                "exemplarCity": "মাজাট্‌লান"
              },
              "Mendoza": {
                "exemplarCity": "মেণ্ডোজা"
              },
              "Menominee": {
                "exemplarCity": "মেনোমিনী"
              },
              "Merida": {
                "exemplarCity": "মেৰিডা"
              },
              "Metlakatla": {
                "exemplarCity": "মেটলাকাট্‌লা"
              },
              "Mexico_City": {
                "exemplarCity": "মেক্সিকো চিটী"
              },
              "Miquelon": {
                "exemplarCity": "মিকিউৱেলন"
              },
              "Moncton": {
                "exemplarCity": "মন্‌কটন"
              },
              "Monterrey": {
                "exemplarCity": "মণ্টেৰেৰী"
              },
              "Montevideo": {
                "exemplarCity": "মণ্টেভিডিঅ’"
              },
              "Montserrat": {
                "exemplarCity": "মণ্টছেৰাট"
              },
              "Nassau": {
                "exemplarCity": "নাছাউ"
              },
              "New_York": {
                "exemplarCity": "নিউ ইয়ৰ্ক"
              },
              "Nipigon": {
                "exemplarCity": "নিপিগন"
              },
              "Nome": {
                "exemplarCity": "নোম"
              },
              "Noronha": {
                "exemplarCity": "নোৰোন্‌হা"
              },
              "North_Dakota": {
                "Beulah": {
                  "exemplarCity": "বেউলাহ, উত্তৰ ডাকোটা"
                },
                "New_Salem": {
                  "exemplarCity": "নিউ ছালেম, উত্তৰ ডাকোটা"
                },
                "Center": {
                  "exemplarCity": "চেণ্টাৰ, উত্তৰ ডাকোটা"
                }
              },
              "Ojinaga": {
                "exemplarCity": "অ’জিনাগা"
              },
              "Panama": {
                "exemplarCity": "পানামা"
              },
              "Pangnirtung": {
                "exemplarCity": "পাংনিৰ্টুংগ"
              },
              "Paramaribo": {
                "exemplarCity": "পাৰামাৰিবো"
              },
              "Phoenix": {
                "exemplarCity": "ফিনিক্স"
              },
              "Port-au-Prince": {
                "exemplarCity": "প’ৰ্ট-ঔ-প্ৰিন্স"
              },
              "Port_of_Spain": {
                "exemplarCity": "প’ৰ্ট অৱ স্পেইন"
              },
              "Porto_Velho": {
                "exemplarCity": "পোৰ্টো ভেল্‌হো"
              },
              "Puerto_Rico": {
                "exemplarCity": "পুৱেৰ্টো ৰিকো"
              },
              "Punta_Arenas": {
                "exemplarCity": "পুণ্টা এৰিনাছ"
              },
              "Rainy_River": {
                "exemplarCity": "ৰেইনী নদী"
              },
              "Rankin_Inlet": {
                "exemplarCity": "ৰেংকিন ইনলেট"
              },
              "Recife": {
                "exemplarCity": "ৰেচাইফ"
              },
              "Regina": {
                "exemplarCity": "ৰেজিনা"
              },
              "Resolute": {
                "exemplarCity": "ৰিজ’লিউট"
              },
              "Rio_Branco": {
                "exemplarCity": "ৰিঅ’ ব্ৰাংকো"
              },
              "Santarem": {
                "exemplarCity": "ছেণ্টাৰেম"
              },
              "Santiago": {
                "exemplarCity": "ছেণ্টিয়াগো"
              },
              "Santo_Domingo": {
                "exemplarCity": "ছাণ্টো ডোমিংগো"
              },
              "Sao_Paulo": {
                "exemplarCity": "ছাও পাউলো"
              },
              "Scoresbysund": {
                "exemplarCity": "ইটোকোৰ্টোৰমিট"
              },
              "Sitka": {
                "exemplarCity": "ছিট্‌‌কা"
              },
              "St_Barthelemy": {
                "exemplarCity": "ছেইণ্ট বাৰ্থলেমে"
              },
              "St_Johns": {
                "exemplarCity": "ছেইণ্ট জনচ্"
              },
              "St_Kitts": {
                "exemplarCity": "ছেইণ্ট কিটছ"
              },
              "St_Lucia": {
                "exemplarCity": "ছেইণ্ট লুচিয়া"
              },
              "St_Thomas": {
                "exemplarCity": "ছেইণ্ট থমাছ"
              },
              "St_Vincent": {
                "exemplarCity": "ছেইণ্ট ভিনচেণ্ট"
              },
              "Swift_Current": {
                "exemplarCity": "ছুইফ্ট কাৰেণ্ট"
              },
              "Tegucigalpa": {
                "exemplarCity": "টেগুচিগাল্পা"
              },
              "Thule": {
                "exemplarCity": "থ্যুলে"
              },
              "Thunder_Bay": {
                "exemplarCity": "থাণ্ডাৰ উপসাগৰ"
              },
              "Tijuana": {
                "exemplarCity": "তিজুৱানা"
              },
              "Toronto": {
                "exemplarCity": "ট’ৰ’ণ্টো"
              },
              "Tortola": {
                "exemplarCity": "টোৰ্টোলা"
              },
              "Vancouver": {
                "exemplarCity": "ভেনকুভেৰ"
              },
              "Whitehorse": {
                "exemplarCity": "হোৱাইটহৰ্চ"
              },
              "Winnipeg": {
                "exemplarCity": "ৱিনিপেগ"
              },
              "Yakutat": {
                "exemplarCity": "য়াকুটাট"
              },
              "Yellowknife": {
                "exemplarCity": "য়েল্লোনাইফ"
              }
            },
            "Atlantic": {
              "Azores": {
                "exemplarCity": "এজোৰেছ"
              },
              "Bermuda": {
                "exemplarCity": "বাৰ্মুডা"
              },
              "Canary": {
                "exemplarCity": "কেনেৰী"
              },
              "Cape_Verde": {
                "exemplarCity": "কেপ ভাৰ্দে"
              },
              "Faeroe": {
                "exemplarCity": "ফাৰো"
              },
              "Madeira": {
                "exemplarCity": "মাডেৰা"
              },
              "Reykjavik": {
                "exemplarCity": "ৰেইকজাভিক"
              },
              "South_Georgia": {
                "exemplarCity": "দক্ষিণ জৰ্জিয়া"
              },
              "St_Helena": {
                "exemplarCity": "ছেইণ্ট হেলেনা"
              },
              "Stanley": {
                "exemplarCity": "ষ্টেন্‌লী"
              }
            },
            "Europe": {
              "Amsterdam": {
                "exemplarCity": "আমষ্টাৰডাম"
              },
              "Andorra": {
                "exemplarCity": "আন্দোৰা"
              },
              "Astrakhan": {
                "exemplarCity": "আষ্ট্ৰাখান"
              },
              "Athens": {
                "exemplarCity": "এথেন্স"
              },
              "Belgrade": {
                "exemplarCity": "বেলগ্ৰেড"
              },
              "Berlin": {
                "exemplarCity": "বাৰ্লিন"
              },
              "Bratislava": {
                "exemplarCity": "ব্ৰাটিছলাভা"
              },
              "Brussels": {
                "exemplarCity": "ব্ৰুছলেছ"
              },
              "Bucharest": {
                "exemplarCity": "বুচাৰেষ্ট"
              },
              "Budapest": {
                "exemplarCity": "বুডাপেষ্ট"
              },
              "Busingen": {
                "exemplarCity": "বুছিনজেন"
              },
              "Chisinau": {
                "exemplarCity": "চিছিনাউ"
              },
              "Copenhagen": {
                "exemplarCity": "কোপেনহাগেন"
              },
              "Dublin": {
                "long": {
                  "daylight": "আইৰিচ মান সময়"
                },
                "exemplarCity": "ডাবলিন"
              },
              "Gibraltar": {
                "exemplarCity": "জিব্ৰাল্টৰ"
              },
              "Guernsey": {
                "exemplarCity": "গোৰেনচি"
              },
              "Helsinki": {
                "exemplarCity": "হেলছিংকি"
              },
              "Isle_of_Man": {
                "exemplarCity": "আইল অফ মেন"
              },
              "Istanbul": {
                "exemplarCity": "ইস্তানবুল"
              },
              "Jersey": {
                "exemplarCity": "জাৰ্চি"
              },
              "Kaliningrad": {
                "exemplarCity": "কালিনিনগ্ৰাড"
              },
              "Kiev": {
                "exemplarCity": "কিভ"
              },
              "Kirov": {
                "exemplarCity": "কিৰোভ"
              },
              "Lisbon": {
                "exemplarCity": "লিছবন"
              },
              "Ljubljana": {
                "exemplarCity": "ল্যুবেলজানা"
              },
              "London": {
                "long": {
                  "daylight": "ব্ৰিটিছ গ্ৰীষ্মকালীন সময়"
                },
                "exemplarCity": "লণ্ডন"
              },
              "Luxembourg": {
                "exemplarCity": "লাক্সেমবাৰ্গ"
              },
              "Madrid": {
                "exemplarCity": "মাদ্ৰিদ"
              },
              "Malta": {
                "exemplarCity": "মাল্টা"
              },
              "Mariehamn": {
                "exemplarCity": "মাৰিয়াহেম"
              },
              "Minsk": {
                "exemplarCity": "মিংস্ক"
              },
              "Monaco": {
                "exemplarCity": "মোনাকো"
              },
              "Moscow": {
                "exemplarCity": "মস্কো"
              },
              "Oslo": {
                "exemplarCity": "ওস্লো"
              },
              "Paris": {
                "exemplarCity": "পেৰিছ"
              },
              "Podgorica": {
                "exemplarCity": "পোডগোৰিকা"
              },
              "Prague": {
                "exemplarCity": "প্ৰাগ"
              },
              "Riga": {
                "exemplarCity": "ৰিগা"
              },
              "Rome": {
                "exemplarCity": "ৰোম"
              },
              "Samara": {
                "exemplarCity": "ছামাৰা"
              },
              "San_Marino": {
                "exemplarCity": "চান মাৰিনো"
              },
              "Sarajevo": {
                "exemplarCity": "ছাৰাজেভো"
              },
              "Saratov": {
                "exemplarCity": "ছাৰাটোভ"
              },
              "Simferopol": {
                "exemplarCity": "ছিম্ফেৰোপোল"
              },
              "Skopje": {
                "exemplarCity": "স্কোপ্জে"
              },
              "Sofia": {
                "exemplarCity": "ছোফিয়া"
              },
              "Stockholm": {
                "exemplarCity": "ষ্টকহোম"
              },
              "Tallinn": {
                "exemplarCity": "তেলিন"
              },
              "Tirane": {
                "exemplarCity": "টাইৰেন"
              },
              "Ulyanovsk": {
                "exemplarCity": "উল্যানোভ্‌স্ক"
              },
              "Uzhgorod": {
                "exemplarCity": "উজ্গোৰোড"
              },
              "Vaduz": {
                "exemplarCity": "ভাদুজ"
              },
              "Vatican": {
                "exemplarCity": "ভেটিকান"
              },
              "Vienna": {
                "exemplarCity": "ভিয়েনা"
              },
              "Vilnius": {
                "exemplarCity": "ভিলনিয়াছ"
              },
              "Volgograd": {
                "exemplarCity": "ভোল্গোগ্ৰাড"
              },
              "Warsaw": {
                "exemplarCity": "ৱাৰছাও"
              },
              "Zagreb": {
                "exemplarCity": "জাগ্ৰেব"
              },
              "Zaporozhye": {
                "exemplarCity": "জাপোৰোজাই"
              },
              "Zurich": {
                "exemplarCity": "জুৰিখ"
              }
            },
            "Africa": {
              "Abidjan": {
                "exemplarCity": "আবিডজান"
              },
              "Accra": {
                "exemplarCity": "এক্ৰা"
              },
              "Addis_Ababa": {
                "exemplarCity": "আদ্দিছ আবাবা"
              },
              "Algiers": {
                "exemplarCity": "আলজিয়াৰ্ছ"
              },
              "Asmera": {
                "exemplarCity": "আস্মাৰা"
              },
              "Bamako": {
                "exemplarCity": "বামাকো"
              },
              "Bangui": {
                "exemplarCity": "বাংগুই"
              },
              "Banjul": {
                "exemplarCity": "বেঞ্জুল"
              },
              "Bissau": {
                "exemplarCity": "বিছাউ"
              },
              "Blantyre": {
                "exemplarCity": "ব্লাণ্টায়াৰ"
              },
              "Brazzaville": {
                "exemplarCity": "ব্ৰাজাভিলে"
              },
              "Bujumbura": {
                "exemplarCity": "বুজুম্বুৰা"
              },
              "Cairo": {
                "exemplarCity": "কাইৰো"
              },
              "Casablanca": {
                "exemplarCity": "কাছাব্লাংকা"
              },
              "Ceuta": {
                "exemplarCity": "চেউটা"
              },
              "Conakry": {
                "exemplarCity": "কোনাক্ৰী"
              },
              "Dakar": {
                "exemplarCity": "ডাকাৰ"
              },
              "Dar_es_Salaam": {
                "exemplarCity": "ডাৰ এছ ছালাম"
              },
              "Djibouti": {
                "exemplarCity": "জিবুটি"
              },
              "Douala": {
                "exemplarCity": "ডুৱালা"
              },
              "El_Aaiun": {
                "exemplarCity": "এল আইয়ুন"
              },
              "Freetown": {
                "exemplarCity": "ফ্ৰিটাউন"
              },
              "Gaborone": {
                "exemplarCity": "গাবোৰোণ"
              },
              "Harare": {
                "exemplarCity": "হাৰাৰে"
              },
              "Johannesburg": {
                "exemplarCity": "জোহান্সবাৰ্গ"
              },
              "Juba": {
                "exemplarCity": "জুবা"
              },
              "Kampala": {
                "exemplarCity": "কাম্পালা"
              },
              "Khartoum": {
                "exemplarCity": "খাৰ্টুম"
              },
              "Kigali": {
                "exemplarCity": "কিগালী"
              },
              "Kinshasa": {
                "exemplarCity": "কিংচাছা"
              },
              "Lagos": {
                "exemplarCity": "লাগোছ"
              },
              "Libreville": {
                "exemplarCity": "লিব্ৰিভিলে"
              },
              "Lome": {
                "exemplarCity": "লোম"
              },
              "Luanda": {
                "exemplarCity": "লুৱাণ্ডা"
              },
              "Lubumbashi": {
                "exemplarCity": "লুবুম্বাচি"
              },
              "Lusaka": {
                "exemplarCity": "লুছাকা"
              },
              "Malabo": {
                "exemplarCity": "মালাবো"
              },
              "Maputo": {
                "exemplarCity": "মাপুটো"
              },
              "Maseru": {
                "exemplarCity": "মাছেৰু"
              },
              "Mbabane": {
                "exemplarCity": "এম্বাবেন"
              },
              "Mogadishu": {
                "exemplarCity": "মোগাদিচু"
              },
              "Monrovia": {
                "exemplarCity": "মোনৰোভিয়া"
              },
              "Nairobi": {
                "exemplarCity": "নাইৰোবি"
              },
              "Ndjamena": {
                "exemplarCity": "নেদজামেনা"
              },
              "Niamey": {
                "exemplarCity": "নিয়ামী"
              },
              "Nouakchott": {
                "exemplarCity": "নৌআকচোট"
              },
              "Ouagadougou": {
                "exemplarCity": "ঔগাডোগো"
              },
              "Porto-Novo": {
                "exemplarCity": "পোৰ্টো-নোভো"
              },
              "Sao_Tome": {
                "exemplarCity": "চাও টোমে"
              },
              "Tripoli": {
                "exemplarCity": "ত্ৰিপোলি"
              },
              "Tunis": {
                "exemplarCity": "টুনিছ"
              },
              "Windhoek": {
                "exemplarCity": "ৱিণ্ডহোক"
              }
            },
            "Asia": {
              "Aden": {
                "exemplarCity": "আদেন"
              },
              "Almaty": {
                "exemplarCity": "আলমাটি"
              },
              "Amman": {
                "exemplarCity": "আম্মান"
              },
              "Anadyr": {
                "exemplarCity": "আনাডিৰ"
              },
              "Aqtau": {
                "exemplarCity": "এক্যোট্যাও"
              },
              "Aqtobe": {
                "exemplarCity": "এক্যোটব"
              },
              "Ashgabat": {
                "exemplarCity": "আশ্ব্গা‌বাট"
              },
              "Atyrau": {
                "exemplarCity": "এটৰাউ"
              },
              "Baghdad": {
                "exemplarCity": "বাগদাদ"
              },
              "Bahrain": {
                "exemplarCity": "বাহৰেইন"
              },
              "Baku": {
                "exemplarCity": "বাকু"
              },
              "Bangkok": {
                "exemplarCity": "বেংকক"
              },
              "Barnaul": {
                "exemplarCity": "বাৰ্নুল"
              },
              "Beirut": {
                "exemplarCity": "বেইৰুট"
              },
              "Bishkek": {
                "exemplarCity": "বিশ্ব্‌কেক"
              },
              "Brunei": {
                "exemplarCity": "ব্ৰুনেই"
              },
              "Calcutta": {
                "exemplarCity": "কলকাতা"
              },
              "Chita": {
                "exemplarCity": "চিটা"
              },
              "Choibalsan": {
                "exemplarCity": "কোইবাল্ছন"
              },
              "Colombo": {
                "exemplarCity": "কলম্বো"
              },
              "Damascus": {
                "exemplarCity": "ডামাস্কাছ"
              },
              "Dhaka": {
                "exemplarCity": "ঢাকা"
              },
              "Dili": {
                "exemplarCity": "ডিলি"
              },
              "Dubai": {
                "exemplarCity": "ডুবাই"
              },
              "Dushanbe": {
                "exemplarCity": "ডুছানবে"
              },
              "Famagusta": {
                "exemplarCity": "ফামাগুস্তা"
              },
              "Gaza": {
                "exemplarCity": "গাজা"
              },
              "Hebron": {
                "exemplarCity": "হেব্ৰোন"
              },
              "Hong_Kong": {
                "exemplarCity": "হং কং"
              },
              "Hovd": {
                "exemplarCity": "হোভ্‌ড"
              },
              "Irkutsk": {
                "exemplarCity": "ইৰ্কুত্স্ক"
              },
              "Jakarta": {
                "exemplarCity": "জাকাৰ্টা"
              },
              "Jayapura": {
                "exemplarCity": "জায়াপুৰা"
              },
              "Jerusalem": {
                "exemplarCity": "জেৰুজালেম"
              },
              "Kabul": {
                "exemplarCity": "কাবুল"
              },
              "Kamchatka": {
                "exemplarCity": "কামচত্কা"
              },
              "Karachi": {
                "exemplarCity": "কৰাচী"
              },
              "Katmandu": {
                "exemplarCity": "কাঠমাণ্ডু"
              },
              "Khandyga": {
                "exemplarCity": "খাণ্ডিগা"
              },
              "Krasnoyarsk": {
                "exemplarCity": "ক্ৰাছনোয়াৰ্স্ক"
              },
              "Kuala_Lumpur": {
                "exemplarCity": "কুৱালালুমপুৰ"
              },
              "Kuching": {
                "exemplarCity": "কুচিং"
              },
              "Kuwait": {
                "exemplarCity": "কুৱেইট"
              },
              "Macau": {
                "exemplarCity": "মাকাও"
              },
              "Magadan": {
                "exemplarCity": "মাগাদান"
              },
              "Makassar": {
                "exemplarCity": "মাকাছাৰ"
              },
              "Manila": {
                "exemplarCity": "মানিলা"
              },
              "Muscat": {
                "exemplarCity": "মুস্কেট"
              },
              "Nicosia": {
                "exemplarCity": "নিকোছিয়া"
              },
              "Novokuznetsk": {
                "exemplarCity": "নোভোকুজনেত্স্ক"
              },
              "Novosibirsk": {
                "exemplarCity": "নোভোছিবিৰ্স্ক"
              },
              "Omsk": {
                "exemplarCity": "ওমস্ক"
              },
              "Oral": {
                "exemplarCity": "অ’ৰেল"
              },
              "Phnom_Penh": {
                "exemplarCity": "নোম পেন্‌হ"
              },
              "Pontianak": {
                "exemplarCity": "পোণ্টিয়াংক"
              },
              "Pyongyang": {
                "exemplarCity": "প্যংয়াং"
              },
              "Qatar": {
                "exemplarCity": "কাটাৰ"
              },
              "Qostanay": {
                "exemplarCity": "ক’ষ্টেনী"
              },
              "Qyzylorda": {
                "exemplarCity": "কেজিলোৰ্ডা"
              },
              "Rangoon": {
                "exemplarCity": "য়াঙোন"
              },
              "Riyadh": {
                "exemplarCity": "ৰিয়াধ"
              },
              "Saigon": {
                "exemplarCity": "হো চি মিন চিটী"
              },
              "Sakhalin": {
                "exemplarCity": "ছাখালিন"
              },
              "Samarkand": {
                "exemplarCity": "ছামাৰকাণ্ড"
              },
              "Seoul": {
                "exemplarCity": "ছিউল"
              },
              "Shanghai": {
                "exemplarCity": "ছাংহাই"
              },
              "Singapore": {
                "exemplarCity": "ছিংগাপুৰ"
              },
              "Srednekolymsk": {
                "exemplarCity": "স্ৰেডনিকোলিমস্ক"
              },
              "Taipei": {
                "exemplarCity": "টাইপেই"
              },
              "Tashkent": {
                "exemplarCity": "তাছকেণ্ট"
              },
              "Tbilisi": {
                "exemplarCity": "টিবলিচি"
              },
              "Tehran": {
                "exemplarCity": "তেহৰান"
              },
              "Thimphu": {
                "exemplarCity": "থিম্ফু"
              },
              "Tokyo": {
                "exemplarCity": "টকিঅ’"
              },
              "Tomsk": {
                "exemplarCity": "তোম্‌স্ক"
              },
              "Ulaanbaatar": {
                "exemplarCity": "উলানবাটাৰ"
              },
              "Urumqi": {
                "exemplarCity": "উৰুম্‌কি"
              },
              "Ust-Nera": {
                "exemplarCity": "উষ্ট-নেৰা"
              },
              "Vientiane": {
                "exemplarCity": "ভিয়েণ্টিয়ান"
              },
              "Vladivostok": {
                "exemplarCity": "ভ্লাডিভোষ্টক"
              },
              "Yakutsk": {
                "exemplarCity": "য়াকুত্স্ক"
              },
              "Yekaterinburg": {
                "exemplarCity": "য়েকাটেৰিণবাৰ্গ"
              },
              "Yerevan": {
                "exemplarCity": "য়েৰেভান"
              }
            },
            "Indian": {
              "Antananarivo": {
                "exemplarCity": "এণ্টানানাৰিভো"
              },
              "Chagos": {
                "exemplarCity": "চাগোছ"
              },
              "Christmas": {
                "exemplarCity": "খ্ৰীষ্টমাছ"
              },
              "Cocos": {
                "exemplarCity": "কোকোছ"
              },
              "Comoro": {
                "exemplarCity": "কোমোৰো"
              },
              "Kerguelen": {
                "exemplarCity": "কেৰগুলেন"
              },
              "Mahe": {
                "exemplarCity": "মাহে"
              },
              "Maldives": {
                "exemplarCity": "মালদ্বীপ"
              },
              "Mauritius": {
                "exemplarCity": "মৰিছাছ"
              },
              "Mayotte": {
                "exemplarCity": "মায়োট্টে"
              },
              "Reunion": {
                "exemplarCity": "ৰিইউনিয়ন"
              }
            },
            "Australia": {
              "Adelaide": {
                "exemplarCity": "এডিলেইড"
              },
              "Brisbane": {
                "exemplarCity": "ব্ৰিচবেন"
              },
              "Broken_Hill": {
                "exemplarCity": "ব্ৰোকেন হিল"
              },
              "Currie": {
                "exemplarCity": "ক্যুৰি"
              },
              "Darwin": {
                "exemplarCity": "ডাৰউইন"
              },
              "Eucla": {
                "exemplarCity": "ইউক্লা"
              },
              "Hobart": {
                "exemplarCity": "হোবাৰ্ট"
              },
              "Lindeman": {
                "exemplarCity": "লিণ্ডমান"
              },
              "Lord_Howe": {
                "exemplarCity": "লৰ্ড হাও"
              },
              "Melbourne": {
                "exemplarCity": "মেলব’ৰ্ণ"
              },
              "Perth": {
                "exemplarCity": "পাৰ্থ"
              },
              "Sydney": {
                "exemplarCity": "চিডনী"
              }
            },
            "Pacific": {
              "Apia": {
                "exemplarCity": "আপিয়া"
              },
              "Auckland": {
                "exemplarCity": "অকলেণ্ড"
              },
              "Bougainville": {
                "exemplarCity": "বোগেইনভিলে"
              },
              "Chatham": {
                "exemplarCity": "চাথাম"
              },
              "Easter": {
                "exemplarCity": "ইষ্টাৰ"
              },
              "Efate": {
                "exemplarCity": "এফেট"
              },
              "Enderbury": {
                "exemplarCity": "এণ্ডৰবাৰী"
              },
              "Fakaofo": {
                "exemplarCity": "ফাকাওফো"
              },
              "Fiji": {
                "exemplarCity": "ফিজি"
              },
              "Funafuti": {
                "exemplarCity": "ফুনাফুটি"
              },
              "Galapagos": {
                "exemplarCity": "গালাপাগোছ"
              },
              "Gambier": {
                "exemplarCity": "গেম্বিয়াৰ"
              },
              "Guadalcanal": {
                "exemplarCity": "গুৱাডলকানাল"
              },
              "Guam": {
                "exemplarCity": "গুৱাম"
              },
              "Johnston": {
                "exemplarCity": "জনষ্টন"
              },
              "Kiritimati": {
                "exemplarCity": "কিৰিটিমাটি"
              },
              "Kosrae": {
                "exemplarCity": "কোছৰায়ে"
              },
              "Kwajalein": {
                "exemplarCity": "কোৱাজালিন"
              },
              "Majuro": {
                "exemplarCity": "মাজুৰো"
              },
              "Marquesas": {
                "exemplarCity": "মাৰ্কছাছ"
              },
              "Midway": {
                "exemplarCity": "মিডৱে"
              },
              "Nauru": {
                "exemplarCity": "নাৰু"
              },
              "Niue": {
                "exemplarCity": "নিয়ো"
              },
              "Norfolk": {
                "exemplarCity": "ন’ৰফ’ক"
              },
              "Noumea": {
                "exemplarCity": "নউমিয়া"
              },
              "Pago_Pago": {
                "exemplarCity": "পাগো পাগো"
              },
              "Palau": {
                "exemplarCity": "পালাউ"
              },
              "Pitcairn": {
                "exemplarCity": "পিটকেইৰ্ণ"
              },
              "Ponape": {
                "exemplarCity": "পোনপেই"
              },
              "Port_Moresby": {
                "exemplarCity": "প’ৰ্ট মোৰেছ্‌বি"
              },
              "Rarotonga": {
                "exemplarCity": "ৰাৰোটোঙ্গা"
              },
              "Saipan": {
                "exemplarCity": "ছাইপান"
              },
              "Tahiti": {
                "exemplarCity": "তাহিতি"
              },
              "Tarawa": {
                "exemplarCity": "তাৰাৱা"
              },
              "Tongatapu": {
                "exemplarCity": "টংগাটাপু"
              },
              "Truk": {
                "exemplarCity": "চ্চুক"
              },
              "Wake": {
                "exemplarCity": "ৱেক"
              },
              "Wallis": {
                "exemplarCity": "ৱালিছ"
              }
            },
            "Arctic": {
              "Longyearbyen": {
                "exemplarCity": "লংগেইৰবায়েন"
              }
            },
            "Antarctica": {
              "Casey": {
                "exemplarCity": "কেছী"
              },
              "Davis": {
                "exemplarCity": "ডেভিছ"
              },
              "DumontDUrville": {
                "exemplarCity": "ডুমোণ্ট ডি আৰ্ভিলৰ"
              },
              "Macquarie": {
                "exemplarCity": "মেক্‌কুৱেৰী"
              },
              "Mawson": {
                "exemplarCity": "মাউছন"
              },
              "McMurdo": {
                "exemplarCity": "মেকমুৰ্ডু"
              },
              "Palmer": {
                "exemplarCity": "পামৰ"
              },
              "Rothera": {
                "exemplarCity": "ৰোথেৰা"
              },
              "Syowa": {
                "exemplarCity": "স্বোৱা"
              },
              "Troll": {
                "exemplarCity": "ট্ৰোল"
              },
              "Vostok": {
                "exemplarCity": "ভোষ্টক"
              }
            },
            "Etc": {
              "UTC": {
                "long": {
                  "standard": "সমন্বিত সাৰ্বজনীন সময়"
                },
                "short": {
                  "standard": "UTC"
                }
              },
              "Unknown": {
                "exemplarCity": "অজ্ঞাত চহৰ"
              }
            }
          },
          "metazone": {
            "Afghanistan": {
              "long": {
                "standard": "আফগানিস্তানৰ সময়"
              }
            },
            "Africa_Central": {
              "long": {
                "standard": "মধ্য আফ্ৰিকাৰ সময়"
              }
            },
            "Africa_Eastern": {
              "long": {
                "standard": "পূব আফ্ৰিকাৰ সময়"
              }
            },
            "Africa_Southern": {
              "long": {
                "standard": "দক্ষিণ আফ্ৰিকাৰ মান সময়"
              }
            },
            "Africa_Western": {
              "long": {
                "generic": "পশ্চিম আফ্ৰিকাৰ সময়",
                "standard": "পশ্চিম আফ্ৰিকাৰ মান সময়",
                "daylight": "পশ্চিম আফ্ৰিকাৰ গ্ৰীষ্মকালীন সময়"
              }
            },
            "Alaska": {
              "long": {
                "generic": "আলাস্কাৰ সময়",
                "standard": "আলাস্কাৰ মান সময়",
                "daylight": "আলাস্কাৰ ডেলাইট সময়"
              }
            },
            "Amazon": {
              "long": {
                "generic": "আমাজনৰ সময়",
                "standard": "আমাজনৰ মান সময়",
                "daylight": "আমাজনৰ গ্ৰীষ্মকালীন সময়"
              }
            },
            "America_Central": {
              "long": {
                "generic": "উত্তৰ আমেৰিকাৰ কেন্দ্ৰীয় সময়",
                "standard": "উত্তৰ আমেৰিকাৰ কেন্দ্ৰীয় মান সময়",
                "daylight": "উত্তৰ আমেৰিকাৰ কেন্দ্ৰীয় ডেলাইট সময়"
              }
            },
            "America_Eastern": {
              "long": {
                "generic": "উত্তৰ আমেৰিকাৰ প্ৰাচ্য সময়",
                "standard": "উত্তৰ আমেৰিকাৰ প্ৰাচ্য মান সময়",
                "daylight": "উত্তৰ আমেৰিকাৰ প্ৰাচ্য ডেলাইট সময়"
              }
            },
            "America_Mountain": {
              "long": {
                "generic": "উত্তৰ আমেৰিকাৰ পৰ্ব্বতীয় সময়",
                "standard": "উত্তৰ আমেৰিকাৰ পৰ্ব্বতীয় মান সময়",
                "daylight": "উত্তৰ আমেৰিকাৰ পৰ্ব্বতীয় ডেলাইট সময়"
              }
            },
            "America_Pacific": {
              "long": {
                "generic": "উত্তৰ আমেৰিকাৰ প্ৰশান্ত সময়",
                "standard": "উত্তৰ আমেৰিকাৰ প্ৰশান্ত মান সময়",
                "daylight": "উত্তৰ আমেৰিকাৰ ডেলাইট সময়"
              }
            },
            "Apia": {
              "long": {
                "generic": "আপিয়াৰ সময়",
                "standard": "আপিয়াৰ মান সময়",
                "daylight": "আপিয়াৰ ডেলাইট সময়"
              }
            },
            "Arabian": {
              "long": {
                "generic": "আৰবীয় সময়",
                "standard": "আৰবীয় মান সময়",
                "daylight": "আৰবীয় ডেলাইট সময়"
              }
            },
            "Argentina": {
              "long": {
                "generic": "আৰ্জেণ্টিনাৰ সময়",
                "standard": "আৰ্জেণ্টিনাৰ মান সময়",
                "daylight": "আৰ্জেণ্টিনাৰ গ্ৰীষ্মকালীন সময়"
              }
            },
            "Argentina_Western": {
              "long": {
                "generic": "পাশ্চাত্য আৰ্জেণ্টিনাৰ সময়",
                "standard": "পাশ্চাত্য আৰ্জেণ্টিনাৰ মান সময়",
                "daylight": "পাশ্চাত্য আৰ্জেণ্টিনাৰ গ্ৰীষ্মকালীন সময়"
              }
            },
            "Armenia": {
              "long": {
                "generic": "আৰ্মেনিয়াৰ সময়",
                "standard": "আৰ্মেনিয়াৰ মান সময়",
                "daylight": "আৰ্মেনিয়াৰ গ্ৰীষ্মকালীন সময়"
              }
            },
            "Atlantic": {
              "long": {
                "generic": "আটলাণ্টিক সময়",
                "standard": "আটলাণ্টিক মান সময়",
                "daylight": "আটলাণ্টিক ডেলাইট সময়"
              }
            },
            "Australia_Central": {
              "long": {
                "generic": "মধ্য অষ্ট্ৰেলিয়াৰ সময়",
                "standard": "অষ্ট্ৰেলিয়াৰ কেন্দ্ৰীয় মান সময়",
                "daylight": "অষ্ট্ৰেলিয়াৰ কেন্দ্ৰীয় ডেলাইট সময়"
              }
            },
            "Australia_CentralWestern": {
              "long": {
                "generic": "অষ্ট্ৰেলিয়াৰ কেন্দ্ৰীয় পাশ্চাত্য সময়",
                "standard": "অষ্ট্ৰেলিয়াৰ কেন্দ্ৰীয় পাশ্চাত্য মান সময়",
                "daylight": "অষ্ট্ৰেলিয়াৰ কেন্দ্ৰীয় পাশ্চাত্য ডেলাইট সময়"
              }
            },
            "Australia_Eastern": {
              "long": {
                "generic": "প্ৰাচ্য অষ্ট্ৰেলিয়াৰ সময়",
                "standard": "অষ্ট্ৰেলিয়াৰ প্ৰাচ্য মান সময়",
                "daylight": "অষ্ট্ৰেলিয়াৰ প্ৰাচ্য ডেলাইট সময়"
              }
            },
            "Australia_Western": {
              "long": {
                "generic": "পাশ্চাত্য অষ্ট্ৰেলিয়াৰ সময়",
                "standard": "অষ্ট্ৰেলিয়াৰ পাশ্চাত্য মান সময়",
                "daylight": "অষ্ট্ৰেলিয়াৰ পাশ্চাত্য ডেলাইট সময়"
              }
            },
            "Azerbaijan": {
              "long": {
                "generic": "আজেৰবাইজানৰ সময়",
                "standard": "আজেৰবাইজানৰ মান সময়",
                "daylight": "আজেৰবাইজানৰ গ্ৰীষ্মকালীন সময়"
              }
            },
            "Azores": {
              "long": {
                "generic": "আজোৰেছ সময়",
                "standard": "আজোৰেছৰ মান সময়",
                "daylight": "আজোৰেছৰ গ্ৰীষ্মকালীন সময়"
              }
            },
            "Bangladesh": {
              "long": {
                "generic": "বাংলাদেশৰ সময়",
                "standard": "বাংলাদেশৰ মান সময়",
                "daylight": "বাংলাদেশৰ গ্ৰীষ্মকালীন সময়"
              }
            },
            "Bhutan": {
              "long": {
                "standard": "ভুটানৰ সময়"
              }
            },
            "Bolivia": {
              "long": {
                "standard": "বলিভিয়াৰ সময়"
              }
            },
            "Brasilia": {
              "long": {
                "generic": "ব্ৰাজিলিয়াৰ সময়",
                "standard": "ব্ৰাজিলিয়াৰ মান সময়",
                "daylight": "ব্ৰাজিলিয়াৰ গ্ৰীষ্মকালীন সময়"
              }
            },
            "Brunei": {
              "long": {
                "standard": "ব্ৰুনেই ডাৰুছালেমৰ সময়"
              }
            },
            "Cape_Verde": {
              "long": {
                "generic": "কেপ ভাৰ্দেৰ সময়",
                "standard": "কেপ ভাৰ্দেৰ মান সময়",
                "daylight": "কেপ ভাৰ্দেৰ গ্ৰীষ্মকালীন সময়"
              }
            },
            "Chamorro": {
              "long": {
                "standard": "চামোৰোৰ মান সময়"
              }
            },
            "Chatham": {
              "long": {
                "generic": "চাথামৰ সময়",
                "standard": "চাথামৰ মান সময়",
                "daylight": "চাথামৰ ডেলাইট সময়"
              }
            },
            "Chile": {
              "long": {
                "generic": "চিলিৰ সময়",
                "standard": "চিলিৰ মান সময়",
                "daylight": "চিলিৰ গ্ৰীষ্মকালীন সময়"
              }
            },
            "China": {
              "long": {
                "generic": "চীনৰ সময়",
                "standard": "চীনৰ মান সময়",
                "daylight": "চীনৰ ডেলাইট সময়"
              }
            },
            "Choibalsan": {
              "long": {
                "generic": "কোইবাল্ছনৰ সময়",
                "standard": "কোইবাল্ছনৰ মান সময়",
                "daylight": "কোইবাল্ছনৰ গ্ৰীষ্মকালীন সময়"
              }
            },
            "Christmas": {
              "long": {
                "standard": "খ্ৰীষ্টমাছ দ্বীপৰ সময়"
              }
            },
            "Cocos": {
              "long": {
                "standard": "কোকোছ দ্বীপপুঞ্জৰ সময়"
              }
            },
            "Colombia": {
              "long": {
                "generic": "কলম্বিয়াৰ সময়",
                "standard": "কলম্বিয়াৰ মান সময়",
                "daylight": "কলম্বিয়াৰ গ্ৰীষ্মকালীন সময়"
              }
            },
            "Cook": {
              "long": {
                "generic": "কুক দ্বীপপুঞ্জৰ সময়",
                "standard": "কুক দ্বীপপুঞ্জৰ মান সময়",
                "daylight": "কুক দ্বীপপুঞ্জৰ অৰ্ধ গ্ৰীষ্মকালীন সময়"
              }
            },
            "Cuba": {
              "long": {
                "generic": "কিউবাৰ সময়",
                "standard": "কিউবাৰ মান সময়",
                "daylight": "কিউবাৰ ডেলাইট সময়"
              }
            },
            "Davis": {
              "long": {
                "standard": "ডেভিছৰ সময়"
              }
            },
            "DumontDUrville": {
              "long": {
                "standard": "ডুমোণ্ট-ডি আৰ্ভিলৰ সময়"
              }
            },
            "East_Timor": {
              "long": {
                "standard": "পূব তিমোৰৰ সময়"
              }
            },
            "Easter": {
              "long": {
                "generic": "ইষ্টাৰ দ্বীপৰ সময়",
                "standard": "ইষ্টাৰ দ্বীপৰ মান সময়",
                "daylight": "ইষ্টাৰ দ্বীপৰ গ্ৰীষ্মকালীন সময়"
              }
            },
            "Ecuador": {
              "long": {
                "standard": "ইকুৱেডৰৰ সময়"
              }
            },
            "Europe_Central": {
              "long": {
                "generic": "মধ্য ইউৰোপীয় সময়",
                "standard": "মধ্য ইউৰোপীয় মান সময়",
                "daylight": "মধ্য ইউৰোপীয় গ্ৰীষ্মকালীন সময়"
              }
            },
            "Europe_Eastern": {
              "long": {
                "generic": "প্ৰাচ্য ইউৰোপীয় সময়",
                "standard": "প্ৰাচ্য ইউৰোপীয় মান সময়",
                "daylight": "প্ৰাচ্য ইউৰোপীয় গ্ৰীষ্মকালীন সময়"
              }
            },
            "Europe_Further_Eastern": {
              "long": {
                "standard": "অগ্ৰ-প্ৰাচ্য ইউৰোপীয় সময়"
              }
            },
            "Europe_Western": {
              "long": {
                "generic": "পাশ্চাত্য ইউৰোপীয় সময়",
                "standard": "পাশ্চাত্য ইউৰোপীয় মান সময়",
                "daylight": "পাশ্চাত্য ইউৰোপীয় গ্ৰীষ্মকালীন সময়"
              }
            },
            "Falkland": {
              "long": {
                "generic": "ফকলেণ্ড দ্বীপপুঞ্জৰ সময়",
                "standard": "ফকলেণ্ড দ্বীপপুঞ্জৰ মান সময়",
                "daylight": "ফকলেণ্ড দ্বীপপুঞ্জৰ গ্ৰীষ্মকালীন সময়"
              }
            },
            "Fiji": {
              "long": {
                "generic": "ফিজিৰ সময়",
                "standard": "ফিজিৰ মান সময়",
                "daylight": "ফিজিৰ গ্ৰীষ্মকালীন সময়"
              }
            },
            "French_Guiana": {
              "long": {
                "standard": "ফ্ৰান্স গয়ানাৰ সময়"
              }
            },
            "French_Southern": {
              "long": {
                "standard": "দক্ষিণ ফ্ৰান্স আৰু এণ্টাৰ্কটিক সময়"
              }
            },
            "Galapagos": {
              "long": {
                "standard": "গালাপাগোছৰ সময়"
              }
            },
            "Gambier": {
              "long": {
                "standard": "গেম্বিয়াৰ সময়"
              }
            },
            "Georgia": {
              "long": {
                "generic": "জৰ্জিয়াৰ সময়",
                "standard": "জৰ্জিয়াৰ মান সময়",
                "daylight": "জৰ্জিয়াৰ গ্ৰীষ্মকালীন সময়"
              }
            },
            "Gilbert_Islands": {
              "long": {
                "standard": "গিলবাৰ্ট দ্বীপপুঞ্জৰ সময়"
              }
            },
            "GMT": {
              "long": {
                "standard": "গ্ৰীণউইচ মান সময়"
              }
            },
            "Greenland_Eastern": {
              "long": {
                "generic": "পূব গ্ৰীণলেণ্ডৰ সময়",
                "standard": "পূব গ্ৰীণলেণ্ডৰ মান সময়",
                "daylight": "পূব গ্ৰীণলেণ্ডৰ গ্ৰীষ্মকালীন সময়"
              }
            },
            "Greenland_Western": {
              "long": {
                "generic": "পশ্চিম গ্ৰীণলেণ্ডৰ সময়",
                "standard": "পশ্চিম গ্ৰীণলেণ্ডৰ মান সময়",
                "daylight": "পশ্চিম গ্ৰীণলেণ্ডৰ গ্ৰীষ্মকালীন সময়"
              }
            },
            "Gulf": {
              "long": {
                "standard": "উপসাগৰীয় মান সময়"
              }
            },
            "Guyana": {
              "long": {
                "standard": "গায়ানাৰ সময়"
              }
            },
            "Hawaii_Aleutian": {
              "long": {
                "generic": "হাৱাই-এলিউশ্বনৰ সময়",
                "standard": "হাৱাই-এলিউশ্বনৰ মান সময়",
                "daylight": "হাৱাই-এলিউশ্বনৰ ডেলাইট সময়"
              }
            },
            "Hong_Kong": {
              "long": {
                "generic": "হং কঙৰ সময়",
                "standard": "হং কঙৰ মান সময়",
                "daylight": "হং কঙৰ গ্ৰীষ্মকালীন সময়"
              }
            },
            "Hovd": {
              "long": {
                "generic": "হোভ্‌ডৰ সময়",
                "standard": "হোভ্‌ডৰ মান সময়",
                "daylight": "হোভ্‌ডৰ গ্ৰীষ্মকালীন সময়"
              }
            },
            "India": {
              "long": {
                "standard": "ভাৰতীয় মান সময়"
              },
              "short": {
                "standard": "ভা. স."
              }
            },
            "Indian_Ocean": {
              "long": {
                "standard": "ভাৰত মহাসাগৰীয় সময়"
              }
            },
            "Indochina": {
              "long": {
                "standard": "ইণ্ডোচাইনাৰ সময়"
              }
            },
            "Indonesia_Central": {
              "long": {
                "standard": "মধ্য ইণ্ডোনেচিয়াৰ সময়"
              }
            },
            "Indonesia_Eastern": {
              "long": {
                "standard": "প্ৰাচ্য ইণ্ডোনেচিয়াৰ সময়"
              }
            },
            "Indonesia_Western": {
              "long": {
                "standard": "পাশ্চাত্য ইণ্ডোনেচিয়াৰ সময়"
              }
            },
            "Iran": {
              "long": {
                "generic": "ইৰানৰ সময়",
                "standard": "ইৰানৰ মান সময়",
                "daylight": "ইৰানৰ ডেলাইট সময়"
              }
            },
            "Irkutsk": {
              "long": {
                "generic": "ইৰ্কুটস্কৰ সময়",
                "standard": "ইৰ্কুটস্কৰ মান সময়",
                "daylight": "ইৰ্কুটস্কৰ গ্ৰীষ্মকালীন সময়"
              }
            },
            "Israel": {
              "long": {
                "generic": "ইজৰাইলৰ সময়",
                "standard": "ইজৰাইলৰ মান সময়",
                "daylight": "ইজৰাইলৰ ডেলাইট সময়"
              }
            },
            "Japan": {
              "long": {
                "generic": "জাপানৰ সময়",
                "standard": "জাপানৰ মান সময়",
                "daylight": "জাপানৰ ডেলাইট সময়"
              }
            },
            "Kazakhstan_Eastern": {
              "long": {
                "standard": "পূব কাজাখস্তানৰ সময়"
              }
            },
            "Kazakhstan_Western": {
              "long": {
                "standard": "পশ্চিম কাজাখস্তানৰ সময়"
              }
            },
            "Korea": {
              "long": {
                "generic": "কোৰিয়াৰ সময়",
                "standard": "কোৰিয়াৰ মান সময়",
                "daylight": "কোৰিয়াৰ ডেলাইট সময়"
              }
            },
            "Kosrae": {
              "long": {
                "standard": "কোছৰায়ে সময়"
              }
            },
            "Krasnoyarsk": {
              "long": {
                "generic": "ক্ৰাছনোয়াৰ্স্কৰ সময়",
                "standard": "ক্ৰাছনোয়াৰ্স্কৰ মান সময়",
                "daylight": "ক্ৰাছনোয়াৰ্স্ক গ্ৰীষ্মকালীন সময়"
              }
            },
            "Kyrgystan": {
              "long": {
                "standard": "কিৰ্গিজস্তানৰ সময়"
              }
            },
            "Line_Islands": {
              "long": {
                "standard": "লাইন দ্বীপপুঞ্জৰ সময়"
              }
            },
            "Lord_Howe": {
              "long": {
                "generic": "লৰ্ড হাওৰ সময়",
                "standard": "লৰ্ড হাওৰ মান সময়",
                "daylight": "লৰ্ড হাওৰ ডেলাইট সময়"
              }
            },
            "Macquarie": {
              "long": {
                "standard": "মেক্‌কুৱেৰী দ্বীপৰ সময়"
              }
            },
            "Magadan": {
              "long": {
                "generic": "মাগাদানৰ সময়",
                "standard": "মাগাদানৰ মান সময়",
                "daylight": "মাগাদানৰ গ্ৰীষ্মকালীন সময়"
              }
            },
            "Malaysia": {
              "long": {
                "standard": "মালয়েচিয়াৰ সময়"
              }
            },
            "Maldives": {
              "long": {
                "standard": "মালদ্বীপৰ সময়"
              }
            },
            "Marquesas": {
              "long": {
                "standard": "মাৰ্কছেছৰ সময়"
              }
            },
            "Marshall_Islands": {
              "long": {
                "standard": "মাৰ্শ্বাল দ্বীপপুঞ্জৰ সময়"
              }
            },
            "Mauritius": {
              "long": {
                "generic": "মৰিছাছৰ সময়",
                "standard": "মৰিছাছৰ মান সময়",
                "daylight": "মৰিছাছৰ গ্ৰীষ্মকালীন সময়"
              }
            },
            "Mawson": {
              "long": {
                "standard": "মাউছনৰ সময়"
              }
            },
            "Mexico_Northwest": {
              "long": {
                "generic": "উত্তৰ-পশ্চিম মেক্সিকোৰ সময়",
                "standard": "উত্তৰ-পশ্চিম মেক্সিকোৰ মান সময়",
                "daylight": "উত্তৰ-পশ্চিম মেক্সিকোৰ ডেলাইট সময়"
              }
            },
            "Mexico_Pacific": {
              "long": {
                "generic": "মেক্সিকোৰ প্ৰশান্ত সময়",
                "standard": "মেক্সিকোৰ প্ৰশান্ত মান সময়",
                "daylight": "মেক্সিকোৰ প্ৰশান্ত ডেলাইট সময়"
              }
            },
            "Mongolia": {
              "long": {
                "generic": "উলানবাটাৰৰ সময়",
                "standard": "উলানবাটাৰৰ মান সময়",
                "daylight": "উলানবাটাৰৰ গ্ৰীষ্মকালীন সময়"
              }
            },
            "Moscow": {
              "long": {
                "generic": "মস্কোৰ সময়",
                "standard": "মস্কোৰ মান সময়",
                "daylight": "মস্কোৰ গ্ৰীষ্মকালীন সময়"
              }
            },
            "Myanmar": {
              "long": {
                "standard": "ম্যানমাৰৰ সময়"
              }
            },
            "Nauru": {
              "long": {
                "standard": "নাউৰুৰ সময়"
              }
            },
            "Nepal": {
              "long": {
                "standard": "নেপালৰ সময়"
              }
            },
            "New_Caledonia": {
              "long": {
                "generic": "নিউ কেলিডোনিয়াৰ সময়",
                "standard": "নিউ কেলিডোনিয়াৰ মান সময়",
                "daylight": "নিউ কেলিডোনিয়াৰ গ্ৰীষ্মকালীন সময়"
              }
            },
            "New_Zealand": {
              "long": {
                "generic": "নিউজিলেণ্ডৰ সময়",
                "standard": "নিউজিলেণ্ডৰ মান সময়",
                "daylight": "নিউজিলেণ্ডৰ ডেলাইট সময়"
              }
            },
            "Newfoundland": {
              "long": {
                "generic": "নিউফাউণ্ডলেণ্ডৰ সময়",
                "standard": "নিউফাউণ্ডলেণ্ডৰ মান সময়",
                "daylight": "নিউফাউণ্ডলেণ্ডৰ ডেলাইট সময়"
              }
            },
            "Niue": {
              "long": {
                "standard": "নিয়ুৰ সময়"
              }
            },
            "Norfolk": {
              "long": {
                "standard": "ন’ৰফ’ক দ্বীপৰ সময়"
              }
            },
            "Noronha": {
              "long": {
                "generic": "ফাৰ্নাণ্ডো ডে নোৰোন্‌হাৰ সময়",
                "standard": "ফাৰ্নাণ্ডো ডে নোৰোন্‌হাৰ মান সময়",
                "daylight": "ফাৰ্নাণ্ডো ডে নোৰোন্‌হাৰ গ্ৰীষ্মকালীন সময়"
              }
            },
            "Novosibirsk": {
              "long": {
                "generic": "নভোছিবিৰ্স্কৰ সময়",
                "standard": "নভোছিবিৰ্স্কৰ মান সময়",
                "daylight": "নভোছিবিৰ্স্কৰ গ্ৰীষ্মকালীন সময়"
              }
            },
            "Omsk": {
              "long": {
                "generic": "ওমস্কৰ সময়",
                "standard": "ওমস্কৰ মান সময়",
                "daylight": "ওমস্কৰ গ্ৰীষ্মকালীন সময়"
              }
            },
            "Pakistan": {
              "long": {
                "generic": "পাকিস্তানৰ সময়",
                "standard": "পাকিস্তানৰ মান সময়",
                "daylight": "পাকিস্তানৰ গ্ৰীষ্মকালীন সময়"
              }
            },
            "Palau": {
              "long": {
                "standard": "পালাউৰ সময়"
              }
            },
            "Papua_New_Guinea": {
              "long": {
                "standard": "পাপুৱা নিউ গিনিৰ সময়"
              }
            },
            "Paraguay": {
              "long": {
                "generic": "পাৰাগুৱেৰ সময়",
                "standard": "পাৰাগুৱেৰ মান সময়",
                "daylight": "পাৰাগুৱেৰ গ্ৰীষ্মকালীন সময়"
              }
            },
            "Peru": {
              "long": {
                "generic": "পেৰুৰ সময়",
                "standard": "পেৰুৰ মান সময়",
                "daylight": "পেৰুৰ গ্ৰীষ্মকালীন সময়"
              }
            },
            "Philippines": {
              "long": {
                "generic": "ফিলিপাইনৰ সময়",
                "standard": "ফিলিপাইনৰ মান সময়",
                "daylight": "ফিলিপাইনৰ গ্ৰীষ্মকালীন সময়"
              }
            },
            "Phoenix_Islands": {
              "long": {
                "standard": "ফিনিক্স দ্বীপপুঞ্জৰ সময়"
              }
            },
            "Pierre_Miquelon": {
              "long": {
                "generic": "ছেইণ্ট পিয়েৰে আৰু মিকিউৱেলনৰ সময়",
                "standard": "ছেইণ্ট পিয়েৰে আৰু মিকিউৱেলনৰ মান সময়",
                "daylight": "ছেইণ্ট পিয়েৰে আৰু মিকিউৱেলনৰ ডেলাইট সময়"
              }
            },
            "Pitcairn": {
              "long": {
                "standard": "পিটকেইৰ্ণৰ সময়"
              }
            },
            "Ponape": {
              "long": {
                "standard": "পোনাপেৰ সময়"
              }
            },
            "Pyongyang": {
              "long": {
                "standard": "প্যংয়াংৰ সময়"
              }
            },
            "Reunion": {
              "long": {
                "standard": "ৰিইউনিয়নৰ সময়"
              }
            },
            "Rothera": {
              "long": {
                "standard": "ৰোথেৰাৰ সময়"
              }
            },
            "Sakhalin": {
              "long": {
                "generic": "ছাখালিনৰ সময়",
                "standard": "ছাখালিনৰ মান সময়",
                "daylight": "ছাখালিনৰ গ্ৰীষ্মকালীন সময়"
              }
            },
            "Samoa": {
              "long": {
                "generic": "ছামোৱাৰ সময়",
                "standard": "ছামোৱাৰ মান সময়",
                "daylight": "ছামোৱাৰ ডেলাইট সময়"
              }
            },
            "Seychelles": {
              "long": {
                "standard": "ছিচিলিছৰ সময়"
              }
            },
            "Singapore": {
              "long": {
                "standard": "ছিংগাপুৰৰ মান সময়"
              }
            },
            "Solomon": {
              "long": {
                "standard": "চোলোমোন দ্বীপপুঞ্জৰ সময়"
              }
            },
            "South_Georgia": {
              "long": {
                "standard": "দক্ষিণ জৰ্জিয়াৰ সময়"
              }
            },
            "Suriname": {
              "long": {
                "standard": "ছুৰিনামৰ সময়"
              }
            },
            "Syowa": {
              "long": {
                "standard": "স্বোৱা সময়"
              }
            },
            "Tahiti": {
              "long": {
                "standard": "তাহিতিৰ সময়"
              }
            },
            "Taipei": {
              "long": {
                "generic": "টাইপেইৰ সময়",
                "standard": "টাইপেইৰ মান সময়",
                "daylight": "টাইপেইৰ ডেলাইট সময়"
              }
            },
            "Tajikistan": {
              "long": {
                "standard": "তাজিকিস্তানৰ সময়"
              }
            },
            "Tokelau": {
              "long": {
                "standard": "টোকেলাউৰ সময়"
              }
            },
            "Tonga": {
              "long": {
                "generic": "টংগাৰ সময়",
                "standard": "টংগাৰ মান সময়",
                "daylight": "টংগাৰ গ্ৰীষ্মকালীন সময়"
              }
            },
            "Truk": {
              "long": {
                "standard": "চ্চুকৰ সময়"
              }
            },
            "Turkmenistan": {
              "long": {
                "generic": "তুৰ্কমেনিস্তানৰ সময়",
                "standard": "তুৰ্কমেনিস্তানৰ মান সময়",
                "daylight": "তুৰ্কমেনিস্তানৰ গ্ৰীষ্মকালীন সময়"
              }
            },
            "Tuvalu": {
              "long": {
                "standard": "টুভালাউৰ সময়"
              }
            },
            "Uruguay": {
              "long": {
                "generic": "উৰুগুৱেৰ সময়",
                "standard": "উৰুগুৱেৰ মান সময়",
                "daylight": "উৰুগুৱেৰ গ্ৰীষ্মকালীন সময়"
              }
            },
            "Uzbekistan": {
              "long": {
                "generic": "উজবেকিস্তানৰ সময়",
                "standard": "উজবেকিস্তানৰ মান সময়",
                "daylight": "উজবেকিস্তানৰ গ্ৰীষ্মকালীন সময়"
              }
            },
            "Vanuatu": {
              "long": {
                "generic": "ভানাটুৰ সময়",
                "standard": "ভানাটুৰ মান সময়",
                "daylight": "ভানাটুৰ গ্ৰীষ্মকালীন সময়"
              }
            },
            "Venezuela": {
              "long": {
                "standard": "ভেনিজুৱেলাৰ সময়"
              }
            },
            "Vladivostok": {
              "long": {
                "generic": "ভ্লাডিভোষ্টোকৰ সময়",
                "standard": "ভ্লাডিভোষ্টোকৰ মান সময়",
                "daylight": "ভ্লাডিভোষ্টোকৰ গ্ৰীষ্মকালীন সময়"
              }
            },
            "Volgograd": {
              "long": {
                "generic": "ভোল্গোগ্ৰাডৰ সময়",
                "standard": "ভোল্গোগ্ৰাডৰ মান সময়",
                "daylight": "ভোল্গোগ্ৰাডৰ গ্ৰীষ্মকালীন সময়"
              }
            },
            "Vostok": {
              "long": {
                "standard": "ভোষ্টকৰ সময়"
              }
            },
            "Wake": {
              "long": {
                "standard": "ৱেক দ্বীপৰ সময়"
              }
            },
            "Wallis": {
              "long": {
                "standard": "ৱালিছ আৰু ফুটুনাৰ সময়"
              }
            },
            "Yakutsk": {
              "long": {
                "generic": "য়াকুত্স্কৰ সময়",
                "standard": "য়াকুত্স্কৰ মান সময়",
                "daylight": "য়াকুত্স্কৰ গ্ৰীষ্মকালীন সময়"
              }
            },
            "Yekaterinburg": {
              "long": {
                "generic": "য়েকাটেৰিণবাৰ্গৰ সময়",
                "standard": "য়েকাটেৰিণবাৰ্গৰ মান সময়",
                "daylight": "য়েকাটেৰিণবাৰ্গৰ গ্ৰীষ্মকালীন সময়"
              }
            }
          }
        }
      }
    }
  }
}
