{
  "main": {
    "ar-IQ": {
      "identity": {
        "version": {
          "_number": "$Revision: 14936 $",
          "_cldrVersion": "35.1"
        },
        "language": "ar",
        "territory": "IQ"
      },
      "localeDisplayNames": {
        "languages": {
          "aa": "الأفارية",
          "ab": "الأبخازية",
          "ace": "الأتشينيزية",
          "ach": "الأكولية",
          "ada": "الأدانجمية",
          "ady": "الأديغة",
          "ae": "الأفستية",
          "af": "الأفريقانية",
          "afh": "الأفريهيلية",
          "agq": "الأغم",
          "ain": "الآينوية",
          "ak": "الأكانية",
          "akk": "الأكادية",
          "ale": "الأليوتية",
          "alt": "الألطائية الجنوبية",
          "am": "الأمهرية",
          "an": "الأراغونية",
          "ang": "الإنجليزية القديمة",
          "anp": "الأنجيكا",
          "ar": "العربية",
          "ar-001": "العربية الرسمية الحديثة",
          "arc": "الآرامية",
          "arn": "المابودونغونية",
          "arp": "الأراباهو",
          "ars": "اللهجة النجدية",
          "arw": "الأراواكية",
          "as": "الأسامية",
          "asa": "الآسو",
          "ast": "الأسترية",
          "av": "الأوارية",
          "awa": "الأوادية",
          "ay": "الأيمارا",
          "az": "الأذربيجانية",
          "az-alt-short": "الأذرية",
          "ba": "الباشكيرية",
          "bal": "البلوشية",
          "ban": "البالينية",
          "bas": "الباسا",
          "bax": "بامن",
          "bbj": "لغة الغومالا",
          "be": "البيلاروسية",
          "bej": "البيجا",
          "bem": "البيمبا",
          "bez": "بينا",
          "bfd": "لغة البافوت",
          "bg": "البلغارية",
          "bgn": "البلوشية الغربية",
          "bho": "البهوجبورية",
          "bi": "البيسلامية",
          "bik": "البيكولية",
          "bin": "البينية",
          "bkm": "لغة الكوم",
          "bla": "السيكسيكية",
          "bm": "البامبارا",
          "bn": "البنغالية",
          "bo": "التبتية",
          "br": "البريتونية",
          "bra": "البراجية",
          "brx": "البودو",
          "bs": "البوسنية",
          "bss": "أكوس",
          "bua": "البرياتية",
          "bug": "البجينيزية",
          "bum": "لغة البولو",
          "byn": "البلينية",
          "byv": "لغة الميدومبا",
          "ca": "الكتالانية",
          "cad": "الكادو",
          "car": "الكاريبية",
          "cay": "الكايوجية",
          "cch": "الأتسام",
          "ccp": "ccp",
          "ce": "الشيشانية",
          "ceb": "السيبيوانية",
          "cgg": "تشيغا",
          "ch": "التشامورو",
          "chb": "التشيبشا",
          "chg": "التشاجاتاي",
          "chk": "التشكيزية",
          "chm": "الماري",
          "chn": "الشينوك جارجون",
          "cho": "الشوكتو",
          "chp": "الشيباوايان",
          "chr": "الشيروكي",
          "chy": "الشايان",
          "ckb": "السورانية الكردية",
          "co": "الكورسيكية",
          "cop": "القبطية",
          "cr": "الكرى",
          "crh": "لغة تتار القرم",
          "crs": "الفرنسية الكريولية السيشيلية",
          "cs": "التشيكية",
          "csb": "الكاشبايان",
          "cu": "سلافية كنسية",
          "cv": "التشوفاشي",
          "cy": "الويلزية",
          "da": "الدانمركية",
          "dak": "الداكوتا",
          "dar": "الدارجوا",
          "dav": "تيتا",
          "de": "الألمانية",
          "de-AT": "الألمانية النمساوية",
          "de-CH": "الألمانية العليا السويسرية",
          "del": "الديلوير",
          "den": "السلافية",
          "dgr": "الدوجريب",
          "din": "الدنكا",
          "dje": "الزارمية",
          "doi": "الدوجرية",
          "dsb": "صوربيا السفلى",
          "dua": "الديولا",
          "dum": "الهولندية الوسطى",
          "dv": "المالديفية",
          "dyo": "جولا فونيا",
          "dyu": "الدايلا",
          "dz": "الزونخاية",
          "dzg": "القرعانية",
          "ebu": "إمبو",
          "ee": "الإيوي",
          "efi": "الإفيك",
          "egy": "المصرية القديمة",
          "eka": "الإكاجك",
          "el": "اليونانية",
          "elx": "الإمايت",
          "en": "الإنجليزية",
          "en-AU": "الإنجليزية الأسترالية",
          "en-CA": "الإنجليزية الكندية",
          "en-GB": "الإنجليزية البريطانية",
          "en-GB-alt-short": "الإنجليزية المملكة المتحدة",
          "en-US": "الإنجليزية الأمريكية",
          "en-US-alt-short": "الإنجليزية الولايات المتحدة",
          "enm": "الإنجليزية الوسطى",
          "eo": "الإسبرانتو",
          "es": "الإسبانية",
          "es-419": "الإسبانية أمريكا اللاتينية",
          "es-ES": "الإسبانية الأوروبية",
          "es-MX": "الإسبانية المكسيكية",
          "et": "الإستونية",
          "eu": "الباسكية",
          "ewo": "الإيوندو",
          "fa": "الفارسية",
          "fan": "الفانج",
          "fat": "الفانتي",
          "ff": "الفولانية",
          "fi": "الفنلندية",
          "fil": "الفلبينية",
          "fj": "الفيجية",
          "fo": "الفاروية",
          "fon": "الفون",
          "fr": "الفرنسية",
          "fr-CA": "الفرنسية الكندية",
          "fr-CH": "الفرنسية السويسرية",
          "frc": "الفرنسية الكاجونية",
          "frm": "الفرنسية الوسطى",
          "fro": "الفرنسية القديمة",
          "frr": "الفريزينية الشمالية",
          "frs": "الفريزينية الشرقية",
          "fur": "الفريلايان",
          "fy": "الفريزيان",
          "ga": "الأيرلندية",
          "gaa": "الجا",
          "gag": "الغاغوز",
          "gan": "الغان الصينية",
          "gay": "الجايو",
          "gba": "الجبيا",
          "gd": "الغيلية الأسكتلندية",
          "gez": "الجعزية",
          "gil": "لغة أهل جبل طارق",
          "gl": "الجاليكية",
          "gmh": "الألمانية العليا الوسطى",
          "gn": "الغوارانية",
          "goh": "الألمانية العليا القديمة",
          "gon": "الجندي",
          "gor": "الجورونتالو",
          "got": "القوطية",
          "grb": "الجريبو",
          "grc": "اليونانية القديمة",
          "gsw": "الألمانية السويسرية",
          "gu": "الغوجاراتية",
          "guz": "الغيزية",
          "gv": "المنكية",
          "gwi": "غوتشن",
          "ha": "الهوسا",
          "hai": "الهيدا",
          "hak": "الهاكا الصينية",
          "haw": "لغة هاواي",
          "he": "العبرية",
          "hi": "الهندية",
          "hil": "الهيليجينون",
          "hit": "الحثية",
          "hmn": "الهمونجية",
          "ho": "الهيري موتو",
          "hr": "الكرواتية",
          "hsb": "الصوربية العليا",
          "hsn": "شيانغ الصينية",
          "ht": "الكريولية الهايتية",
          "hu": "الهنغارية",
          "hup": "الهبا",
          "hy": "الأرمنية",
          "hz": "الهيريرو",
          "ia": "اللّغة الوسيطة",
          "iba": "الإيبان",
          "ibb": "الإيبيبيو",
          "id": "الإندونيسية",
          "ie": "الإنترلينج",
          "ig": "الإيجبو",
          "ii": "السيتشيون يي",
          "ik": "الإينبياك",
          "ilo": "الإيلوكو",
          "inh": "الإنجوشية",
          "io": "الإيدو",
          "is": "الأيسلندية",
          "it": "الإيطالية",
          "iu": "الإينكتيتت",
          "ja": "اليابانية",
          "jbo": "اللوجبان",
          "jgo": "نغومبا",
          "jmc": "الماتشامية",
          "jpr": "الفارسية اليهودية",
          "jrb": "العربية اليهودية",
          "jv": "الجاوية",
          "ka": "الجورجية",
          "kaa": "الكارا-كالباك",
          "kab": "القبيلية",
          "kac": "الكاتشين",
          "kaj": "الجو",
          "kam": "الكامبا",
          "kaw": "الكوي",
          "kbd": "الكاباردايان",
          "kbl": "كانمبو",
          "kcg": "التايابية",
          "kde": "ماكونده",
          "kea": "كابوفيرديانو",
          "kfo": "الكورو",
          "kg": "الكونغو",
          "kha": "الكازية",
          "kho": "الخوتانيز",
          "khq": "كويرا تشيني",
          "ki": "الكيكيو",
          "kj": "الكيونياما",
          "kk": "الكازاخستانية",
          "kkj": "لغة الكاكو",
          "kl": "الكالاليست",
          "kln": "كالينجين",
          "km": "الخميرية",
          "kmb": "الكيمبندو",
          "kn": "الكانادا",
          "ko": "الكورية",
          "koi": "كومي-بيرماياك",
          "kok": "الكونكانية",
          "kos": "الكوسراين",
          "kpe": "الكبيل",
          "kr": "الكانوري",
          "krc": "الكاراتشاي-بالكار",
          "krl": "الكاريلية",
          "kru": "الكوروخ",
          "ks": "الكشميرية",
          "ksb": "شامبالا",
          "ksf": "لغة البافيا",
          "ksh": "لغة الكولونيان",
          "ku": "الكردية",
          "kum": "القموقية",
          "kut": "الكتيناي",
          "kv": "الكومي",
          "kw": "الكورنية",
          "ky": "القيرغيزية",
          "la": "اللاتينية",
          "lad": "اللادينو",
          "lag": "لانجي",
          "lah": "اللاهندا",
          "lam": "اللامبا",
          "lb": "اللكسمبورغية",
          "lez": "الليزجية",
          "lg": "الغاندا",
          "li": "الليمبورغية",
          "lkt": "لاكوتا",
          "ln": "اللينجالا",
          "lo": "اللاوية",
          "lol": "منغولى",
          "lou": "الكريولية اللويزيانية",
          "loz": "اللوزي",
          "lrc": "اللرية الشمالية",
          "lt": "الليتوانية",
          "lu": "اللوبا كاتانغا",
          "lua": "اللبا-لؤلؤ",
          "lui": "اللوسينو",
          "lun": "اللوندا",
          "luo": "اللو",
          "lus": "الميزو",
          "luy": "لغة اللويا",
          "lv": "اللاتفية",
          "mad": "المادريز",
          "mag": "الماجا",
          "mai": "المايثيلي",
          "mak": "الماكاسار",
          "man": "الماندينغ",
          "mas": "الماساي",
          "mde": "مابا",
          "mdf": "الموكشا",
          "mdr": "الماندار",
          "men": "الميند",
          "mer": "الميرو",
          "mfe": "المورسيانية",
          "mg": "الملغاشي",
          "mga": "الأيرلندية الوسطى",
          "mgh": "ماخاوا-ميتو",
          "mgo": "ميتا",
          "mh": "المارشالية",
          "mi": "الماورية",
          "mic": "الميكماكيونية",
          "min": "المينانجكاباو",
          "mk": "المقدونية",
          "ml": "المالايالامية",
          "mn": "المنغولية",
          "mnc": "المانشو",
          "mni": "المانيبورية",
          "moh": "الموهوك",
          "mos": "الموسي",
          "mr": "الماراثية",
          "ms": "الماليزية",
          "mt": "المالطية",
          "mua": "مندنج",
          "mul": "لغات متعددة",
          "mus": "الكريك",
          "mwl": "الميرانديز",
          "mwr": "الماروارية",
          "my": "البورمية",
          "myv": "الأرزية",
          "mzn": "المازندرانية",
          "na": "النورو",
          "nan": "مين-نان الصينية",
          "nap": "النابولية",
          "naq": "لغة الناما",
          "nb": "النرويجية بوكمال",
          "nd": "النديبيل الشمالية",
          "nds": "الألمانية السفلى",
          "nds-NL": "السكسونية السفلى",
          "ne": "النيبالية",
          "new": "النوارية",
          "ng": "الندونجا",
          "nia": "النياس",
          "niu": "النيوي",
          "nl": "الهولندية",
          "nl-BE": "الفلمنكية",
          "nmg": "كواسيو",
          "nn": "النرويجية نينورسك",
          "nnh": "لغة النجيمبون",
          "no": "النرويجية",
          "nog": "النوجاي",
          "non": "النورس القديم",
          "nqo": "أنكو",
          "nr": "النديبيل الجنوبي",
          "nso": "السوتو الشمالية",
          "nus": "النوير",
          "nv": "النافاجو",
          "nwc": "النوارية التقليدية",
          "ny": "النيانجا",
          "nym": "النيامويزي",
          "nyn": "النيانكول",
          "nyo": "النيورو",
          "nzi": "النزيما",
          "oc": "الأوكسيتانية",
          "oj": "الأوجيبوا",
          "om": "الأورومية",
          "or": "الأورية",
          "os": "الأوسيتيك",
          "osa": "الأوساج",
          "ota": "التركية العثمانية",
          "pa": "البنجابية",
          "pag": "البانجاسينان",
          "pal": "البهلوية",
          "pam": "البامبانجا",
          "pap": "البابيامينتو",
          "pau": "البالوان",
          "pcm": "البدجنية النيجيرية",
          "peo": "الفارسية القديمة",
          "phn": "الفينيقية",
          "pi": "البالية",
          "pl": "البولندية",
          "pon": "البوهنبيايان",
          "prg": "البروسياوية",
          "pro": "البروفانسية القديمة",
          "ps": "البشتو",
          "ps-alt-variant": "بشتو",
          "pt": "البرتغالية",
          "pt-BR": "البرتغالية البرازيلية",
          "pt-PT": "البرتغالية الأوروبية",
          "qu": "الكويتشوا",
          "quc": "الكيشية",
          "raj": "الراجاسثانية",
          "rap": "الراباني",
          "rar": "الراروتونجاني",
          "rm": "الرومانشية",
          "rn": "الرندي",
          "ro": "الرومانية",
          "ro-MD": "المولدوفية",
          "rof": "الرومبو",
          "rom": "الغجرية",
          "root": "الجذر",
          "ru": "الروسية",
          "rup": "الأرومانيان",
          "rw": "الكينيارواندا",
          "rwk": "الروا",
          "sa": "السنسكريتية",
          "sad": "السانداوي",
          "sah": "الساخيّة",
          "sam": "الآرامية السامرية",
          "saq": "سامبورو",
          "sas": "الساساك",
          "sat": "السانتالية",
          "sba": "نامبي",
          "sbp": "سانغو",
          "sc": "السردينية",
          "scn": "الصقلية",
          "sco": "الأسكتلندية",
          "sd": "السندية",
          "sdh": "الكردية الجنوبية",
          "se": "سامي الشمالية",
          "see": "السنيكا",
          "seh": "سينا",
          "sel": "السيلكب",
          "ses": "كويرابورو سيني",
          "sg": "السانجو",
          "sga": "الأيرلندية القديمة",
          "sh": "صربية-كرواتية",
          "shi": "تشلحيت",
          "shn": "الشان",
          "shu": "العربية التشادية",
          "si": "السنهالية",
          "sid": "السيدامو",
          "sk": "السلوفاكية",
          "sl": "السلوفانية",
          "sm": "الساموائية",
          "sma": "السامي الجنوبي",
          "smj": "اللول سامي",
          "smn": "الإيناري سامي",
          "sms": "السكولت سامي",
          "sn": "الشونا",
          "snk": "السونينك",
          "so": "الصومالية",
          "sog": "السوجدين",
          "sq": "الألبانية",
          "sr": "الصربية",
          "srn": "السرانان تونجو",
          "srr": "السرر",
          "ss": "السواتي",
          "ssy": "لغة الساهو",
          "st": "السوتو الجنوبية",
          "su": "السوندانية",
          "suk": "السوكوما",
          "sus": "السوسو",
          "sux": "السومارية",
          "sv": "السويدية",
          "sw": "السواحلية",
          "sw-CD": "الكونغو السواحلية",
          "swb": "القمرية",
          "syc": "سريانية تقليدية",
          "syr": "السريانية",
          "ta": "التاميلية",
          "te": "التيلوغوية",
          "tem": "التيمن",
          "teo": "تيسو",
          "ter": "التيرينو",
          "tet": "التيتم",
          "tg": "الطاجيكية",
          "th": "التايلاندية",
          "ti": "التغرينية",
          "tig": "التيغرية",
          "tiv": "التيف",
          "tk": "التركمانية",
          "tkl": "التوكيلاو",
          "tl": "التاغالوغية",
          "tlh": "الكلينجون",
          "tli": "التلينغيتية",
          "tmh": "التاماشيك",
          "tn": "التسوانية",
          "to": "التونغية",
          "tog": "تونجا - نياسا",
          "tpi": "التوك بيسين",
          "tr": "التركية",
          "trv": "لغة التاروكو",
          "ts": "السونجا",
          "tsi": "التسيمشيان",
          "tt": "التترية",
          "tum": "التامبوكا",
          "tvl": "التوفالو",
          "tw": "التوي",
          "twq": "تاساواق",
          "ty": "التاهيتية",
          "tyv": "التوفية",
          "tzm": "الأمازيغية وسط الأطلس",
          "udm": "الأدمرت",
          "ug": "الأويغورية",
          "ug-alt-variant": "الأيغورية",
          "uga": "اليجاريتيك",
          "uk": "الأوكرانية",
          "umb": "الأمبندو",
          "und": "لغة غير معروفة",
          "ur": "الأوردية",
          "uz": "الأوزبكية",
          "vai": "الفاي",
          "ve": "الفيندا",
          "vi": "الفيتنامية",
          "vo": "لغة الفولابوك",
          "vot": "الفوتيك",
          "vun": "الفونجو",
          "wa": "الولونية",
          "wae": "الوالسر",
          "wal": "الولاياتا",
          "war": "الواراي",
          "was": "الواشو",
          "wbp": "وارلبيري",
          "wo": "الولوفية",
          "wuu": "الوو الصينية",
          "xal": "الكالميك",
          "xh": "الخوسا",
          "xog": "السوغا",
          "yao": "الياو",
          "yap": "اليابيز",
          "yav": "يانجبن",
          "ybb": "يمبا",
          "yi": "اليديشية",
          "yo": "اليوروبا",
          "yue": "الكَنْتُونية",
          "za": "الزهيونج",
          "zap": "الزابوتيك",
          "zbl": "رموز المعايير الأساسية",
          "zen": "الزيناجا",
          "zgh": "التمازيغية المغربية القياسية",
          "zh": "الصينية",
          "zh-Hans": "الصينية المبسطة",
          "zh-Hant": "الصينية التقليدية",
          "zu": "الزولو",
          "zun": "الزونية",
          "zxx": "بدون محتوى لغوي",
          "zza": "زازا"
        }
      }
    }
  }
}
